ano,periodo,moeda,cambio_medio,cambio_fim,cambio_medio_reais,variacao,cambio_real_efetivo,cambio_reais_banco_mundial
1986,jan-dez,Cz$,13.655,14.939,4.96545e-09,,,5.90968e-09
1987,jan-dez,Cz$,39.523,72.251,1.4372e-08,189.4,,1.69763e-08
1988,jan-dez,Cz$,265.572,765.3,9.65716e-08,571.9,123.8,1.13548e-07
1989,jan-dez,NCz$,2.83,11.358,1.02909e-06,965.6,93.2,1.22639e-06
1990,jan-dez,Cr$,68.06,170.06,2.47491e-05,2304.9,77.4,2.95573e-05
1991,jan-dez,Cr$,409.251,1068.8,0.000148819,501.3,91.0,0.000175961
1992,jan-dez,Cr$,4551.36,12387.5,0.00165504,1012.1,105.4,0.00195302
1993,jan-dez,CR$,90.23,326.105,0.0328109,1882.5,101.1,0.0382766
1994,jan-dez,R$,0.6453,0.846,0.6453,1866.7,89.9,0.664684
1995,jan-dez,R$,0.9177,0.9725,0.9177,42.2,73.9,0.917667
1996,jan-dez,R$,1.0052,1.0394,1.0052,9.5,69.6,1.0051
1997,jan-dez,R$,1.0787,1.1164,1.0787,7.3,67.6,1.07799
1998,jan-dez,R$,1.1611,1.2087,1.1611,7.6,70.5,1.16052
1999,jan-dez,R$,1.8158,1.789,1.8158,56.4,105.6,1.81393
2000,jan-dez,R$,1.8295,1.9554,1.8295,0.8,97.0,1.82942
2001,jan-dez,R$,2.3522,2.3204,2.3522,28.6,120.1,2.34963
2002,jan-dez,R$,2.9309,3.5333,2.9309,24.6,132.7,2.92036
2003,jan-dez,R$,3.0715,2.8892,3.0715,4.8,137.4,3.07748
2004,jan-dez,R$,2.9257,2.6544,2.9257,-4.7,135.0,2.92512
2005,jan-dez,R$,2.4341,2.3407,2.4341,-16.8,110.3,2.43439
2006,jan-dez,R$,2.1771,2.138,2.1771,-10.6,98.5,2.17533
2007,jan-dez,R$,1.9483,1.7713,1.9483,-10.5,91.4,1.94706
2008,jan-dez,R$,1.8375,2.337,1.8375,-5.7,88.9,1.83377
2009,jan-dez,R$,1.9935,1.7412,1.9935,8.5,88.4,1.99943
2010,jan-dez,R$,1.7593,1.6662,1.7593,-11.7,77.0,1.75923
2011,jan-dez,R$,1.6746,1.8758,1.6746,-4.8,75.0,1.67283
2012,jan-dez,R$,1.955,2.0435,1.955,16.7,84.1,1.95307
2013,jan-dez,R$,2.1605,2.3426,2.1605,10.5,89.9,2.15609
2014,jan-dez,R$,2.3547,2.6562,2.3547,9.0,91.2,2.35295
2015,jan-dez,R$,3.3387,3.9048,3.3387,41.8,111.5,3.3269
2016,jan-dez,R$,3.4833,3.2591,3.4833,4.3,105.7,3.49131
2017,jan-dez,R$,3.1925,3.308,3.1925,-8.3,96.3,3.19139
2018,jan-dez,R$,3.6558,3.8748,3.6558,14.5,108.0,3.65383
2019,jan-dez,R$,3.9461,4.0307,3.9461,7.9,109.5,3.94447
2020,jan-dez,R$,5.1578,5.1967,5.1578,30.7,140.1,5.15518
2021,jan-dez,R$,5.3956,5.5805,5.3956,4.6,144.6,5.3944
2022,jan-dez,R$,5.1655,5.2177,5.1655,-4.3,128.6,5.16397
2023,jan-dez,R$,4.9953,4.8413,4.9953,-3.3,121.7,4.99438
2024,jan-dez,R$,5.392,6.1923,5.392,7.9,127.0,5.38893
2025,jan-dez,R$,5.5855,5.5024,5.5855,3.6,128.5,5.58729
2026,jan-set,R$,5.1474,,5.14738,-7.8,119.9,
