ano,desemprego_pme_antiga,ocupacao_pme_antiga,desocupacao_pme_nova,ocupacao_pme_nova,desocupacao_pnadc,ocupacao_pnadc,emprego_pop_oit,desemprego_oit,rendimento_real_pnadc,rendimento_nominal_pnadc
1986,3.59,,,,,,,,,
1987,3.73,,,,,,,,,
1988,3.85,,,,,,,,,
1989,3.35,,,,,,,,,
1990,4.28,,,,,,,,,
1991,4.83,58.11,,,,,60.26,6.89,,
1992,5.65,55.93,,,,,60.38,7.09,,
1993,5.31,55.6,,,,,61.29,6.03,,
1994,5.06,56.3,,,,,61.15,6.58,,
1995,4.64,56.52,,,,,61.01,7.09,,
1996,5.42,56.39,,,,,58.81,8.04,,
1997,5.66,55.21,,,,,58.95,9.0,,
1998,7.6,53.76,,,,,58.33,10.15,,
1999,7.56,52.76,,,,,58.3,11.12,,
2000,7.14,53.86,,,,,58.64,10.89,,
2001,6.22,52.98,,,,,59.0,10.65,,
2002,7.14,52.72,,,,,59.85,10.64,,
2003,,,12.33,50.04,,,59.43,11.17,,
2004,,,11.48,50.59,,,60.58,10.07,,
2005,,,9.84,51.01,,,60.87,10.55,,
2006,,,9.98,51.17,,,61.14,9.69,,
2007,,,9.32,51.59,,,61.05,9.28,,
2008,,,7.9,52.51,,,61.62,8.27,,
2009,,,8.07,52.13,,,61.05,9.42,,
2010,,,6.72,53.27,,,60.58,8.42,,
2011,,,5.93,53.7,,,59.95,7.58,,
2012,,,5.5,54.22,7.4,58.1,59.74,7.25,3083.0,1480.0
2013,,,5.4,54.02,7.3,58.3,59.77,7.07,3185.0,1623.0
2014,,,4.82,53.31,7.0,58.1,59.71,6.75,3280.0,1777.0
2015,,,6.83,51.92,8.9,57.4,58.79,8.54,3151.0,1861.0
2016,,,,,11.6,55.7,56.84,11.58,3164.0,2032.0
2017,,,,,12.6,55.3,56.27,12.79,3147.0,2092.0
2018,,,,,12.1,55.6,56.55,12.33,3217.0,2216.0
2019,,,,,11.8,56.2,57.14,11.94,3204.0,2290.0
2020,,,,,13.7,50.8,52.2,13.7,3310.0,2441.0
2021,,,,,14.0,52.0,54.24,13.16,3101.0,2473.0
2022,,,,,9.6,55.9,57.66,9.23,3032.0,2648.0
2023,,,,,7.7,57.6,57.91,7.95,3249.0,2965.0
2024,,,,,6.6,58.6,59.03,6.8,3368.0,3209.0
2025,,,,,5.6,59.1,59.37,5.97,3560.0,3555.0
2026,,,,,,,,,,
