ano,periodo,ipca,inpc,ipca_12m,indice_ipca,cem_reais_jul94,poder_compra_jul94
1986,jan-dez,79.66,59.2,79.66,3.1121777e-06,,
1987,jan-dez,363.41,394.6,363.41,1.44221901e-05,,
1988,jan-dez,980.21,993.28,980.21,0.0001557904426,,
1989,jan-dez,1972.91,1863.56,1972.91,0.0032293981927,,
1990,jan-dez,1620.97,1585.18,1620.97,0.0555768600186,,
1991,jan-dez,472.7,475.1,472.7,0.3182886773263,,
1992,jan-dez,1119.1,1149.06,1119.1,3.88025965509,,
1993,jan-dez,2477.15,2489.11,2477.15,100.0,,
1994,jan-dez,916.46,929.32,916.46,1016.46,118.57,84.34
1995,jan-dez,22.41,21.98,22.41,1244.23,145.14,68.9
1996,jan-dez,9.56,9.12,9.56,1363.24,159.02,62.89
1997,jan-dez,5.22,4.34,5.22,1434.46,167.32,59.76
1998,jan-dez,1.65,2.49,1.65,1458.2,170.09,58.79
1999,jan-dez,8.94,8.43,8.94,1588.56,185.3,53.97
2000,jan-dez,5.97,5.27,5.97,1683.47,196.37,50.92
2001,jan-dez,7.67,9.44,7.67,1812.65,211.44,47.29
2002,jan-dez,12.53,14.74,12.53,2039.78,237.93,42.03
2003,jan-dez,9.3,10.38,9.3,2229.49,260.06,38.45
2004,jan-dez,7.6,6.13,7.6,2398.92,279.83,35.74
2005,jan-dez,5.69,5.05,5.69,2535.4,295.75,33.81
2006,jan-dez,3.14,2.81,3.14,2615.05,305.04,32.78
2007,jan-dez,4.46,5.16,4.46,2731.62,318.63,31.38
2008,jan-dez,5.9,6.48,5.9,2892.86,337.44,29.63
2009,jan-dez,4.31,4.11,4.31,3017.59,351.99,28.41
2010,jan-dez,5.91,6.46,5.91,3195.89,372.79,26.82
2011,jan-dez,6.5,6.08,6.5,3403.73,397.03,25.19
2012,jan-dez,5.84,6.2,5.84,3602.46,420.21,23.8
2013,jan-dez,5.91,5.56,5.91,3815.39,445.05,22.47
2014,jan-dez,6.41,6.23,6.41,4059.86,473.57,21.12
2015,jan-dez,10.67,11.28,10.67,4493.17,524.11,19.08
2016,jan-dez,6.29,6.58,6.29,4775.7,557.07,17.95
2017,jan-dez,2.95,2.07,2.95,4916.46,573.49,17.44
2018,jan-dez,3.75,3.43,3.75,5100.61,594.97,16.81
2019,jan-dez,4.31,4.48,4.31,5320.25,620.59,16.11
2020,jan-dez,4.52,5.45,4.52,5560.59,648.62,15.42
2021,jan-dez,10.06,10.16,10.06,6120.04,713.88,14.01
2022,jan-dez,5.79,5.93,5.79,6474.09,755.18,13.24
2023,jan-dez,4.62,3.71,4.62,6773.27,790.08,12.66
2024,jan-dez,4.83,4.77,4.83,7100.5,828.25,12.07
2025,jan-dez,4.26,3.9,4.26,7403.29,863.57,11.58
2026,jan-ago,3.11,3.17,4.22,7633.23,890.39,11.23
