reajuste,ano,sm_novo,reajuste_nominal,inpc,aumento_real,origem,aumento_real_recalculado
mai/1995,1995,100.0,42.86,16.51,22.62,cálculo próprio,22.62
mai/1996,1996,112.0,12.0,18.22,-5.26,cálculo próprio,-5.26
mai/1997,1997,120.0,7.14,8.2,-0.98,cálculo próprio,-0.98
mai/1998,1998,130.0,8.33,4.12,4.05,cálculo próprio,4.05
mai/1999,1999,136.0,4.62,3.88,0.71,cálculo próprio,0.71
abr/2000,2000,151.0,11.03,5.35,5.39,cálculo próprio,5.39
abr/2001,2001,180.0,19.21,6.27,12.17,cálculo próprio,12.17
abr/2002,2002,200.0,11.11,9.72,1.27,cálculo próprio,1.27
abr/2003,2003,240.0,20.0,18.54,1.23,DIEESE,1.23
mai/2004,2004,260.0,8.33,7.06,1.19,DIEESE,1.19
mai/2005,2005,300.0,15.38,6.61,8.23,DIEESE,8.23
abr/2006,2006,350.0,16.67,3.21,13.04,DIEESE,13.04
abr/2007,2007,380.0,8.57,3.3,5.1,DIEESE,5.11
mar/2008,2008,415.0,9.21,4.98,4.03,DIEESE,4.04
fev/2009,2009,465.0,12.05,5.92,5.79,DIEESE,5.79
jan/2010,2010,510.0,9.68,3.45,6.02,DIEESE,6.02
jan/2011,2011,545.0,6.86,6.47,0.37,DIEESE,
jan/2012,2012,622.0,14.13,6.08,7.59,DIEESE,
jan/2013,2013,678.0,9.0,6.2,2.64,DIEESE,2.64
jan/2014,2014,724.0,6.78,5.56,1.16,DIEESE,1.16
jan/2015,2015,788.0,8.84,6.23,2.46,DIEESE,2.46
jan/2016,2016,880.0,11.68,11.28,0.36,DIEESE,0.36
jan/2017,2017,937.0,6.48,6.58,-0.1,DIEESE,-0.1
jan/2018,2018,954.0,1.81,2.07,-0.25,DIEESE,-0.25
jan/2019,2019,998.0,4.61,3.43,1.14,DIEESE,1.14
jan/2020,2020,1039.0,4.11,4.48,-0.36,DIEESE,-0.36
fev/2020,2020,1045.0,0.58,0.19,0.39,DIEESE,0.39
jan/2021,2021,1100.0,5.26,5.25,0.01,DIEESE,0.01
jan/2022,2022,1212.0,10.18,10.16,0.02,DIEESE,0.02
jan/2023,2023,1302.0,7.43,5.93,1.41,DIEESE,1.41
mai/2023,2023,1320.0,1.38,2.42,-1.01,DIEESE,-1.01
jan/2024,2024,1412.0,6.97,1.26,5.64,DIEESE,5.64
jan/2025,2025,1518.0,7.51,4.77,2.61,DIEESE,2.61
jan/2026,2026,1621.0,6.79,4.19,2.49,DIEESE,2.78
