ano,periodo,moeda,sm_nominal_fim,sm_real_medio,var_real,sm_necessario_medio,razao_necessario,cestas_basicas_sp
1986,jan-dez,Cz$,804.0,840.05,,,,
1987,jan-dez,Cz$,3600.0,687.25,-18.19,,,
1988,jan-dez,Cz$,40425.0,711.32,3.5,,,
1989,jan-dez,NCz$,788.18,711.32,0.0,,,
1990,jan-dez,Cr$,8836.82,534.04,-24.92,,,
1991,jan-dez,Cr$,63000.0,607.83,13.82,,,
1992,jan-dez,Cr$,522186.94,547.32,-9.95,,,
1993,jan-dez,CR$,18760.0,603.6,10.28,,,
1994,jan-dez,R$,70.0,545.9,-9.56,,,
1995,jan-dez,R$,100.0,608.18,11.41,740.44,8.47,
1996,jan-dez,R$,112.0,634.37,4.31,795.39,7.38,
1997,jan-dez,R$,120.0,650.49,2.54,802.55,6.85,
1998,jan-dez,R$,130.0,676.66,4.02,878.09,6.94,
1999,jan-dez,R$,136.0,682.9,0.92,901.14,6.73,
2000,jan-dez,R$,151.0,706.29,3.43,967.07,6.58,
2001,jan-dez,R$,180.0,770.46,9.08,1072.68,6.24,
2002,jan-dez,R$,200.0,790.12,2.55,1188.69,6.1,
2003,jan-dez,R$,240.0,795.63,0.7,1421.01,6.22,
2004,jan-dez,R$,260.0,825.25,3.72,1482.61,5.85,
2005,jan-dez,R$,300.0,882.7,6.96,1510.36,5.29,
2006,jan-dez,R$,350.0,1006.76,14.06,1500.71,4.46,
2007,jan-dez,R$,380.0,1067.61,6.04,1679.77,4.51,
2008,jan-dez,R$,415.0,1100.46,3.08,2002.0,4.89,
2009,jan-dez,R$,465.0,1179.92,7.22,2042.43,4.44,
2010,jan-dez,R$,510.0,1242.61,5.31,2110.26,4.14,
2011,jan-dez,R$,545.0,1243.71,0.09,2272.45,4.18,
2012,jan-dez,R$,622.0,1348.49,8.42,2463.81,3.96,
2013,jan-dez,R$,678.0,1381.66,2.46,2765.33,4.08,
2014,jan-dez,R$,724.0,1391.53,0.71,2925.16,4.04,
2015,jan-dez,R$,788.0,1385.87,-0.41,3280.75,4.16,
2016,jan-dez,R$,880.0,1415.07,2.11,3875.13,4.4,
2017,jan-dez,R$,937.0,1462.93,3.38,3744.52,4.0,
2018,jan-dez,R$,954.0,1448.07,-1.02,3755.25,3.94,
2019,jan-dez,R$,998.0,1459.96,0.82,4135.85,4.14,2.04
2020,jan-dez,R$,1045.0,1474.93,1.03,4717.49,4.52,1.88
2021,jan-dez,R$,1100.0,1426.1,-3.31,5558.91,5.05,1.68
2022,jan-dez,R$,1212.0,1434.92,0.62,6408.14,5.29,1.59
2023,jan-dez,R$,1320.0,1493.43,4.08,6484.28,4.94,1.71
2024,jan-dez,R$,1412.0,1543.94,3.38,6855.82,4.86,1.75
2025,jan-dez,R$,1518.0,1583.59,2.57,7263.06,4.78,1.75
2026,jan-ago,R$,1621.0,1632.85,,7590.35,4.68,
