mes,ipca_mes,ipca_12m,indice_ipca,inpc_mes,indice_inpc,sm_nominal,moeda,sm_real,cambio_medio,cambio_medio_reais,cambio_real_efetivo,desemprego_pme_antiga,desocupacao_pme_nova,ocupacao_pme_nova,desocupacao_pnadc_trim_movel,ocupacao_pnadc_trim_movel
1986-01,14.37,250.23,1.9811765e-06,15.01,2.170876e-06,600000.0,Cr$,784.95,11310.0,4.11273e-09,,4.18,,,,
1986-02,12.72,256.08,2.233108e-06,12.46,2.4415742e-06,600000.0,Cr$,697.92,13029.0,4.73782e-09,,4.4,,,,
1986-03,4.77,238.65,2.3396314e-06,3.18,2.5190605e-06,804.0,Cz$,906.44,13.84,5.03273e-09,,4.39,,,,
1986-04,0.78,215.44,2.3578806e-06,0.43,2.5298925e-06,804.0,Cz$,902.56,13.84,5.03273e-09,,4.17,,,,
1986-05,1.4,198.38,2.3908694e-06,1.08,2.5570983e-06,804.0,Cz$,892.96,13.84,5.03273e-09,,4.08,,,,
1986-06,1.27,178.52,2.4212846e-06,0.97,2.5817851e-06,804.0,Cz$,884.42,13.84,5.03273e-09,,3.76,,,,
1986-07,1.71,156.8,2.462696e-06,0.91,2.6052124e-06,804.0,Cz$,876.47,13.84,5.03273e-09,,3.6,,,,
1986-08,3.55,137.33,2.5501983e-06,1.43,2.6424945e-06,804.0,Cz$,864.1,13.84,5.03273e-09,,3.5,,,,
1986-09,1.72,117.25,2.5939494e-06,1.19,2.6739828e-06,804.0,Cz$,853.93,13.84,5.03273e-09,,3.23,,,,
1986-10,1.9,100.13,2.6433156e-06,1.43,2.7122725e-06,804.0,Cz$,841.87,13.97,5.08e-09,,2.98,,,,
1986-11,5.45,85.17,2.7874369e-06,3.29,2.8014472e-06,804.0,Cz$,815.07,14.107,5.12982e-09,,2.64,,,,
1986-12,11.65,79.66,3.1121777e-06,7.27,3.0049873e-06,804.0,Cz$,759.87,14.546,5.28945e-09,,2.16,,,,
1987-01,13.21,77.84,3.523251e-06,16.82,3.5103108e-06,964.8,Cz$,780.58,15.698,5.70836e-09,,3.19,,,,
1987-02,12.64,77.71,3.9684829e-06,13.94,3.9997643e-06,964.8,Cz$,685.06,18.136,6.59491e-09,,3.38,,,,
1987-03,16.37,97.39,4.6181985e-06,14.4,4.5756215e-06,1368.0,Cz$,849.1,21.006,7.63855e-09,,3.28,,,,
1987-04,19.1,133.27,5.5002395e-06,20.96,5.5346279e-06,1368.0,Cz$,701.97,23.707,8.62073e-09,,3.39,,,,
1987-05,21.45,179.4,6.6801157e-06,23.14,6.8153183e-06,1641.6,Cz$,684.08,30.782,1.11935e-08,,3.97,,,,
1987-06,19.71,230.27,7.9968603e-06,21.3,8.2670529e-06,1969.92,Cz$,676.74,39.44,1.43418e-08,,4.43,,,,
1987-07,9.21,254.63,8.7333762e-06,9.93,9.0880147e-06,1969.92,Cz$,615.61,44.934,1.63396e-08,,4.47,,,,
1987-08,4.87,259.14,9.1587212e-06,5.09,9.5505142e-06,1969.92,Cz$,585.79,47.13,1.71382e-08,,4.22,,,,
1987-09,7.78,280.55,9.871373e-06,7.15,1.02334315e-05,2400.0,Cz$,666.06,49.866,1.81331e-08,,4.03,,,,
1987-10,11.22,315.35,1.09789545e-05,10.88,1.13468563e-05,2640.0,Cz$,660.77,53.407,1.94207e-08,,3.96,,,,
1987-11,15.08,353.27,1.26344777e-05,14.93,1.30409245e-05,3000.0,Cz$,653.34,59.289,2.15596e-08,,3.63,,,,
1987-12,14.15,363.41,1.44221901e-05,13.97,1.48627091e-05,3600.0,Cz$,687.9,67.481,2.45385e-08,,2.86,,,,
1988-01,18.89,386.67,1.7146457e-05,18.97,1.76820416e-05,4500.0,Cz$,722.78,77.655,2.82382e-08,125.54,3.8,,,,
1988-02,15.7,399.9,1.98384369e-05,15.81,2.0477695e-05,5280.0,Cz$,732.28,90.841,3.30331e-08,125.72,4.33,,,,
1988-03,17.6,405.18,2.33301029e-05,18.09,2.41822254e-05,6240.0,Cz$,732.84,107.138,3.89593e-08,127.44,4.3,,,,
1988-04,19.29,405.99,2.7830389e-05,18.33,2.86147643e-05,7260.0,Cz$,720.56,125.686,4.5704e-08,126.85,4.08,,,,
1988-05,17.42,389.19,3.26783343e-05,18.24,3.38340059e-05,8712.0,Cz$,731.29,150.638,5.47775e-08,129.13,4.04,,,,
1988-06,22.0,398.54,3.98675537e-05,22.28,4.13722945e-05,10368.0,Cz$,711.72,178.303,6.48375e-08,123.08,3.9,,,,
1988-07,21.91,456.52,4.86025677e-05,23.02,5.08961066e-05,12444.0,Cz$,694.38,215.826,7.84822e-08,120.04,3.84,,,,
1988-08,21.59,545.24,5.90958147e-05,20.63,6.13960547e-05,15552.0,Cz$,719.4,267.406,9.72385e-08,121.25,4.16,,,,
1988-09,27.45,662.99,7.53176493e-05,26.93,7.79299086e-05,18960.0,Cz$,690.97,326.235,1.18631e-07,118.15,3.84,,,,
1988-10,25.62,761.78,9.46139936e-05,26.69,9.87292876e-05,23700.0,Cz$,681.75,411.697,1.49708e-07,121.04,3.65,,,,
1988-11,27.94,858.09,0.0001210492553,28.15,0.0001265215786,30800.0,Cz$,691.37,526.153,1.91328e-07,123.89,3.32,,,,
1988-12,28.7,980.21,0.0001557904426,28.43,0.0001624917478,40425.0,Cz$,706.55,671.032,2.44012e-07,123.33,2.92,,,,
1989-01,37.49,1149.22,0.0002141963,35.48,0.0002201437229,54374.0,Cz$,701.47,0.903,3.28364e-07,119.53,3.87,,,,
1989-02,16.78,1160.88,0.0002501384201,16.35,0.0002561373193,63.9,NCz$,708.52,1.0,3.63636e-07,113.01,3.99,,,,
1989-03,6.82,1045.29,0.0002671978428,5.9,0.0002712494153,63.9,NCz$,669.05,1.0,3.63636e-07,106.54,4.18,,,,
1989-04,8.33,940.07,0.0002894554586,8.06,0.0002931120898,63.9,NCz$,619.14,1.015,3.69091e-07,93.21,3.94,,,,
1989-05,17.92,944.5,0.0003413257896,16.67,0.0003419738031,81.4,NCz$,676.01,1.099,3.99636e-07,85.17,3.37,,,,
1989-06,28.65,1001.44,0.0004391155989,29.4,0.0004425140433,120.0,NCz$,770.15,1.337,4.86182e-07,82.3,3.37,,,,
1989-07,27.74,1054.11,0.0005609261703,27.4,0.0005637629763,149.8,NCz$,754.64,1.914,6.96e-07,93.02,3.17,,,,
1989-08,33.71,1169.15,0.0007500144816,33.18,0.0007508195948,192.88,NCz$,729.58,2.475,9e-07,90.76,3.22,,,,
1989-09,37.56,1269.82,0.001031719911,36.35,0.001023742422,249.48,NCz$,692.1,3.267,1.188e-06,86.33,3.22,,,,
1989-10,39.77,1424.12,0.0014420348808,38.76,0.0014205450891,381.73,NCz$,763.18,4.49,1.63273e-06,87.01,2.98,,,,
1989-11,47.82,1660.95,0.0021316159803,48.47,0.0021090831794,557.33,NCz$,750.49,6.248,2.272e-06,82.58,2.49,,,,
1989-12,51.5,1972.91,0.0032293981927,51.28,0.003190620911,788.18,NCz$,701.57,9.259,3.36691e-06,79.35,2.36,,,,
1990-01,67.55,2426.12,0.0054108567454,68.19,0.0053663052799,1283.95,NCz$,679.51,14.313,5.20473e-06,80.32,3.3,,,,
1990-02,75.73,3701.29,0.0095084984833,73.99,0.0093368346371,2004.37,NCz$,609.68,23.661,8.604e-06,71.47,3.43,,,,
1990-03,82.39,6390.53,0.017342550351,82.18,0.0170098454104,3674.06,Cr$,613.44,37.701,1.37095e-05,66.32,4.04,,,,
1990-04,15.52,6821.31,0.0200341140678,14.67,0.0195051897442,3674.06,Cr$,534.96,47.89,1.74145e-05,71.27,4.78,,,,
1990-05,7.59,6214.99,0.0215547032441,7.31,0.0209310190666,3674.06,Cr$,498.52,52.23,1.89927e-05,74.1,5.27,,,,
1990-06,11.75,5385.43,0.0240873809519,11.64,0.0233673896742,3857.76,Cr$,468.87,57.116,2.07695e-05,72.56,4.9,,,,
1990-07,12.92,4749.03,0.027199470492,12.62,0.0263163543373,4904.76,Cr$,529.32,66.517,2.4188e-05,76.66,4.53,,,,
1990-08,12.88,3993.62,0.0307027623187,12.18,0.0295216863099,5203.46,Cr$,500.58,71.757,2.60935e-05,75.14,4.5,,,,
1990-09,14.41,3304.71,0.0351270304097,14.26,0.0337314788076,6056.31,Cr$,509.91,75.541,2.74695e-05,71.46,4.25,,,,
1990-10,14.36,2685.74,0.0401712720553,14.43,0.0385989312553,6425.14,Cr$,472.75,95.165,3.46055e-05,81.02,4.21,,,,
1990-11,16.81,2101.34,0.0469240627842,16.92,0.0451298705166,8329.55,Cr$,524.18,123.133,4.47756e-05,91.26,4.25,,,,
1990-12,18.44,1620.97,0.0555768600186,19.14,0.0537677278248,8836.82,Cr$,466.76,154.586,5.62131e-05,96.86,3.93,,,,
1991-01,20.75,1140.27,0.0671090584724,20.95,0.065032066804,12325.6,Cr$,538.27,193.189,7.02505e-05,98.61,5.23,,,,
1991-02,20.72,752.02,0.0810143888491,20.2,0.0781675227116,15895.46,Cr$,577.52,221.756,8.06385e-05,94.15,5.41,,,,
1991-03,11.92,422.84,0.0906736471203,11.79,0.0873833112608,17000.0,Cr$,552.51,230.085,8.36673e-05,85.37,5.89,,,,
1991-04,4.99,375.18,0.0951976035258,5.01,0.0917600043057,20000.0,Cr$,619.01,252.175,9.17e-05,87.1,5.76,,,,
1991-05,7.43,374.48,0.1022725378062,6.68,0.0978895252777,23131.68,Cr$,671.11,272.977,9.92644e-05,87.79,5.7,,,,
1991-06,11.19,372.1,0.113715813284,10.83,0.1084925212048,23131.68,Cr$,605.52,297.871,0.000108317,85.03,4.86,,,,
1991-07,12.41,369.96,0.1278267780427,12.14,0.1216656145218,23131.68,Cr$,539.96,328.922,0.000119608,83.97,3.82,,,,
1991-08,15.63,381.41,0.1478066592194,15.62,0.1406671295351,39293.28,Cr$,793.32,371.282,0.000135012,82.83,4.03,,,,
1991-09,15.63,386.55,0.1709099599291,15.62,0.1626419998971,42000.0,Cr$,733.4,428.951,0.000155982,84.37,4.35,,,,
1991-10,20.23,411.52,0.2054843245466,21.08,0.1969243031581,42000.0,Cr$,605.72,583.852,0.00021231,96.91,4.26,,,,
1991-11,25.21,448.31,0.2572875157699,26.48,0.2490682456026,42000.0,Cr$,478.91,740.367,0.000269224,99.93,4.45,,,,
1991-12,23.71,472.7,0.3182886773263,24.15,0.3092182027201,63000.0,Cr$,578.63,957.874,0.000348318,106.25,4.15,,,,
1992-01,25.94,497.32,0.4008536605699,25.92,0.3893697545885,96037.33,Cr$,700.49,1197.377,0.00043541,106.19,4.86,,,,
1992-02,24.32,515.13,0.4983410307284,24.48,0.4846891824762,96037.33,Cr$,562.73,1478.655,0.000537693,104.1,6.36,,,,
1992-03,21.4,567.21,0.6049874674181,21.62,0.5894771072339,96037.33,Cr$,462.7,1814.518,0.000659825,104.4,6.14,,,,
1992-04,19.93,662.16,0.7255614652283,20.84,0.7123256117679,96037.33,Cr$,382.9,2196.784,0.000798831,106.33,5.86,,,,
1992-05,24.86,785.81,0.9059361644186,24.5,0.8868449027414,230000.0,Cr$,736.55,2628.642,0.00095587,103.07,6.53,,,,
1992-06,20.21,857.68,1.0890285720637,20.85,1.0717521187308,230000.0,Cr$,609.48,3149.767,0.00114537,104.52,5.17,,,,
1992-07,21.83,937.94,1.3267641484791,22.08,1.308394642433,230000.0,Cr$,499.24,3829.196,0.00139243,106.81,5.18,,,,
1992-08,22.14,996.37,1.6205100844213,22.38,1.6012136881666,230000.0,Cr$,407.95,4672.143,0.00169896,108.15,5.9,,,,
1992-09,24.63,1081.7,2.0196408623306,23.98,1.9851851628815,522186.94,Cr$,747.05,5771.524,0.00209874,107.69,5.74,,,,
1992-10,25.24,1130.94,2.5293973801068,26.07,2.5027210502859,522186.94,Cr$,592.57,7214.9,0.0026236,106.09,5.77,,,,
1992-11,22.49,1104.2,3.0982598885128,22.89,3.0755946831675,522186.94,Cr$,482.19,9046.797,0.00328974,104.66,5.82,,,,
1992-12,25.24,1119.1,3.88025965509,25.58,3.862329453472,522186.94,Cr$,383.97,11150.875,0.00405486,103.21,4.5,,,,
1993-01,30.35,1161.79,5.0579166458253,28.77,4.9735202005622,1250700.0,Cr$,714.19,14059.142,0.00511242,99.28,5.99,,,,
1993-02,24.98,1168.49,6.3213843084293,24.79,6.206457213766,1250700.0,Cr$,572.31,17868.592,0.00649767,100.47,5.77,,,,
1993-03,27.26,1229.71,8.0445948724789,27.58,7.9181958432492,1709400.0,Cr$,613.11,22469.246,0.00817063,99.5,5.88,,,,
1993-04,27.75,1316.42,10.2769672819025,28.37,10.1645900046761,1709400.0,Cr$,477.61,28728.942,0.0104469,101.73,6.12,,,,
1993-05,27.69,1348.52,13.1226581300609,26.78,12.8866672541687,3303300.0,Cr$,728.0,37040.31,0.0134692,102.95,5.39,,,,
1993-06,30.07,1467.33,17.0686429798089,30.37,16.8003502644861,3303300.0,Cr$,558.41,48106.46,0.0174933,102.43,4.95,,,,
1993-07,30.72,1581.7,22.3121307612362,31.01,22.0101366146558,4639800.0,Cr$,598.69,62773.236,0.0228266,101.0,5.23,,,,
1993-08,32.96,1730.67,29.6662109364145,33.34,29.3483184707683,5534.0,CR$,535.52,82.74,0.0300873,100.79,5.33,,,,
1993-09,35.69,1893.13,40.2540807309468,35.63,39.8051253226265,9606.0,CR$,685.37,111.189,0.0404324,101.1,5.05,,,,
1993-10,33.92,2031.27,53.9082648348533,34.12,53.3866329234744,12024.0,CR$,639.65,151.225,0.0549909,102.38,4.89,,,,
1993-11,35.56,2258.68,73.078046584524,36.0,72.6058212060671,15021.0,CR$,587.56,205.801,0.0748367,101.19,4.74,,,,
1993-12,36.84,2477.15,100.0,37.73,100.0,18760.0,CR$,532.79,279.385,0.101595,100.32,4.39,,,,
1994-01,41.31,2693.84,141.31,41.32,141.32,32882.0,CR$,660.81,390.8445,0.142125,98.91,5.54,,,,
1994-02,40.27,3035.71,198.22,40.57,198.65,42829.0,CR$,612.31,550.8067,0.200293,100.37,5.37,,,,
1994-03,42.75,3417.39,282.96,43.08,284.23,50298.34,CR$,502.58,768.1203,0.279316,99.07,5.9,,,,
1994-04,42.68,3828.49,403.73,42.86,406.05,71532.22,CR$,500.32,1109.5644,0.403478,100.39,5.37,,,,
1994-05,44.03,4331.19,581.49,42.73,579.56,102887.77,CR$,504.18,1585.475,0.576536,100.94,5.18,,,,
1994-06,47.43,4922.6,857.29,48.24,859.14,147627.08,CR$,488.01,2296.2562,0.835002,100.0,5.42,,,,
1994-07,6.84,4005.08,915.93,7.75,925.72,64.79,R$,546.62,0.9333,0.9333,88.96,5.46,,,,
1994-08,1.86,3044.89,932.97,1.85,942.85,64.79,R$,536.69,0.8986,0.8986,84.38,5.49,,,,
1994-09,1.53,2253.15,947.24,1.4,956.05,70.0,R$,571.84,0.8652,0.8652,80.46,5.05,,,,
1994-10,2.62,1703.17,972.06,2.82,983.01,70.0,R$,556.16,0.846,0.846,77.62,4.53,,,,
1994-11,2.81,1267.54,999.37,2.96,1012.11,70.0,R$,540.16,0.8418,0.8418,74.85,4.0,,,,
1994-12,1.71,916.46,1016.46,1.7,1029.32,70.0,R$,531.13,0.8501,0.8501,73.31,3.42,,,,
1995-01,1.7,631.54,1033.74,1.44,1044.14,70.0,R$,523.59,0.8471,0.8471,72.1,4.42,,,,
1995-02,1.02,426.83,1044.28,1.01,1054.69,70.0,R$,518.36,0.8408,0.8408,71.63,4.25,,,,
1995-03,1.55,274.78,1060.47,1.62,1071.78,70.0,R$,510.09,0.8894,0.8894,76.62,4.42,,,,
1995-04,2.43,169.05,1086.24,2.49,1098.47,70.0,R$,497.7,0.9075,0.9075,77.91,4.35,,,,
1995-05,2.67,91.79,1115.24,2.1,1121.54,100.0,R$,696.37,0.8974,0.8974,74.72,4.49,,,,
1995-06,2.26,33.03,1140.44,2.18,1145.99,100.0,R$,681.51,0.914,0.914,74.8,4.59,,,,
1995-07,2.36,27.45,1167.35,2.46,1174.18,100.0,R$,665.15,0.9288,0.9288,74.47,4.83,,,,
1995-08,0.99,26.36,1178.91,1.02,1186.16,100.0,R$,658.43,0.942,0.942,73.27,4.9,,,,
1995-09,0.99,25.69,1190.58,1.17,1200.04,100.0,R$,650.82,0.9528,0.9528,72.93,5.19,,,,
1995-10,1.41,24.21,1207.37,1.4,1216.84,100.0,R$,641.83,0.9597,0.9597,73.26,5.09,,,,
1995-11,1.47,22.59,1225.12,1.51,1235.21,100.0,R$,632.29,0.9634,0.9634,73.97,4.72,,,,
1995-12,1.56,22.41,1244.23,1.65,1255.59,100.0,R$,622.03,0.9683,0.9683,71.08,4.44,,,,
1996-01,1.34,21.97,1260.9,1.46,1273.92,100.0,R$,613.08,0.9745,0.9745,70.32,5.26,,,,
1996-02,1.03,21.99,1273.89,0.71,1282.96,100.0,R$,608.76,0.9811,0.9811,70.3,5.7,,,,
1996-03,0.35,20.55,1278.35,0.29,1286.68,100.0,R$,607.0,0.9861,0.9861,70.35,6.38,,,,
1996-04,1.26,19.17,1294.46,0.93,1298.65,100.0,R$,601.4,0.9902,0.9902,69.62,6.03,,,,
1996-05,1.22,17.49,1310.25,1.28,1315.27,112.0,R$,665.06,0.9953,0.9953,69.08,5.91,,,,
1996-06,1.19,16.26,1325.84,1.33,1332.76,112.0,R$,656.33,1.0013,1.0013,68.71,5.92,,,,
1996-07,1.11,14.84,1340.56,1.2,1348.75,112.0,R$,648.55,1.0069,1.0069,68.74,5.58,,,,
1996-08,0.44,14.21,1346.46,0.5,1355.49,112.0,R$,645.32,1.0134,1.0134,69.44,5.56,,,,
1996-09,0.15,13.26,1348.48,0.02,1355.76,112.0,R$,645.2,1.0193,1.0193,69.35,5.23,,,,
1996-10,0.3,12.02,1352.53,0.38,1360.91,112.0,R$,642.75,1.0251,1.0251,69.36,5.14,,,,
1996-11,0.32,10.75,1356.86,0.34,1365.54,112.0,R$,640.57,1.0304,1.0304,69.94,4.56,,,,
1996-12,0.47,9.56,1363.24,0.33,1370.05,112.0,R$,638.47,1.0373,1.0373,69.53,3.82,,,,
1997-01,1.18,9.39,1379.33,0.81,1381.15,112.0,R$,633.33,1.0429,1.0429,68.35,5.14,,,,
1997-02,0.5,8.82,1386.23,0.45,1387.37,112.0,R$,630.5,1.0493,1.0493,67.35,5.55,,,,
1997-03,0.51,8.99,1393.3,0.68,1396.8,112.0,R$,626.24,1.0567,1.0567,67.06,5.97,,,,
1997-04,0.88,8.58,1405.56,0.6,1405.18,112.0,R$,622.5,1.0609,1.0609,66.56,5.75,,,,
1997-05,0.41,7.71,1411.32,0.11,1406.73,120.0,R$,666.23,1.0683,1.0683,67.43,6.0,,,,
1997-06,0.54,7.02,1418.94,0.35,1411.65,120.0,R$,663.91,1.0746,1.0746,67.4,6.09,,,,
1997-07,0.22,6.08,1422.06,0.18,1414.19,120.0,R$,662.72,1.0807,1.0807,66.97,5.97,,,,
1997-08,-0.02,5.59,1421.78,-0.03,1413.77,120.0,R$,662.92,1.0879,1.0879,66.66,5.95,,,,
1997-09,0.06,5.5,1422.63,0.1,1415.18,120.0,R$,662.26,1.0936,1.0936,67.64,5.63,,,,
1997-10,0.23,5.42,1425.9,0.29,1419.28,120.0,R$,660.34,1.1001,1.1001,68.54,5.71,,,,
1997-11,0.17,5.27,1428.32,0.15,1421.41,120.0,R$,659.35,1.1073,1.1073,68.87,5.35,,,,
1997-12,0.43,5.22,1434.46,0.57,1429.51,120.0,R$,655.62,1.1136,1.1136,68.19,4.84,,,,
1998-01,0.71,4.73,1444.64,0.85,1441.66,120.0,R$,650.09,1.1199,1.1199,67.51,7.25,,,,
1998-02,0.46,4.69,1451.29,0.54,1449.44,120.0,R$,646.6,1.1271,1.1271,67.94,7.42,,,,
1998-03,0.34,4.52,1456.22,0.49,1456.54,120.0,R$,643.45,1.1337,1.1337,67.86,8.18,,,,
1998-04,0.24,3.85,1459.71,0.45,1463.09,120.0,R$,640.57,1.1412,1.1412,68.41,7.94,,,,
1998-05,0.5,3.95,1467.01,0.72,1473.62,130.0,R$,688.99,1.1481,1.1481,68.97,8.2,,,,
1998-06,0.02,3.41,1467.3,0.15,1475.83,130.0,R$,687.96,1.1546,1.1546,68.81,7.9,,,,
1998-07,-0.12,3.06,1465.54,-0.28,1471.7,130.0,R$,689.89,1.1615,1.1615,69.27,8.02,,,,
1998-08,-0.51,2.55,1458.07,-0.49,1464.49,130.0,R$,693.29,1.1717,1.1717,70.01,7.8,,,,
1998-09,-0.22,2.27,1454.86,-0.31,1459.95,130.0,R$,695.44,1.1809,1.1809,72.56,7.65,,,,
1998-10,0.02,2.05,1455.15,0.11,1461.56,130.0,R$,694.68,1.1884,1.1884,74.81,7.45,,,,
1998-11,-0.12,1.76,1453.4,-0.18,1458.93,130.0,R$,695.93,1.1937,1.1937,74.4,7.04,,,,
1998-12,0.33,1.65,1458.2,0.42,1465.06,130.0,R$,693.02,1.2054,1.2054,75.26,6.32,,,,
1999-01,0.7,1.65,1468.41,0.65,1474.58,130.0,R$,688.54,1.5019,1.5019,93.04,7.73,,,,
1999-02,1.05,2.24,1483.83,1.29,1493.6,130.0,R$,679.77,1.9137,1.9137,115.55,7.51,,,,
1999-03,1.1,3.02,1500.15,1.28,1512.72,130.0,R$,671.18,1.8968,1.8968,112.06,8.16,,,,
1999-04,0.56,3.35,1508.55,0.47,1519.83,130.0,R$,668.04,1.6941,1.6941,99.7,8.02,,,,
1999-05,0.3,3.14,1513.08,0.05,1520.59,136.0,R$,698.53,1.6835,1.6835,98.35,7.7,,,,
1999-06,0.19,3.32,1515.95,0.07,1521.65,136.0,R$,698.04,1.7654,1.7654,102.06,7.84,,,,
1999-07,1.09,4.57,1532.47,0.74,1532.91,136.0,R$,692.91,1.8003,1.8003,102.97,7.54,,,,
1999-08,0.56,5.69,1541.05,0.55,1541.34,136.0,R$,689.12,1.8807,1.8807,108.5,7.68,,,,
1999-09,0.31,6.25,1545.83,0.39,1547.35,136.0,R$,686.45,1.8981,1.8981,109.72,7.37,,,,
1999-10,1.19,7.5,1564.23,0.96,1562.2,136.0,R$,679.92,1.9695,1.9695,113.32,7.53,,,,
1999-11,0.95,8.65,1579.09,0.94,1576.88,136.0,R$,673.59,1.9299,1.9299,108.98,7.32,,,,
1999-12,0.6,8.94,1588.56,0.74,1588.55,136.0,R$,668.64,1.8428,1.8428,102.78,6.28,,,,
2000-01,0.62,8.85,1598.41,0.61,1598.24,136.0,R$,664.59,1.8037,1.8037,100.17,7.63,,,,
2000-02,0.13,7.86,1600.49,0.05,1599.04,136.0,R$,664.26,1.7753,1.7753,97.34,8.16,,,,
2000-03,0.22,6.92,1604.01,0.13,1601.12,136.0,R$,663.39,1.742,1.742,95.28,8.05,,,,
2000-04,0.42,6.77,1610.75,0.09,1602.56,151.0,R$,735.9,1.7682,1.7682,96.02,7.84,,,,
2000-05,0.01,6.47,1610.91,-0.05,1601.76,151.0,R$,736.27,1.8279,1.8279,97.52,7.79,,,,
2000-06,0.23,6.51,1614.62,0.3,1606.57,151.0,R$,734.06,1.8083,1.8083,98.44,7.41,,,,
2000-07,1.61,7.06,1640.62,1.39,1628.9,151.0,R$,724.0,1.7978,1.7978,95.77,7.17,,,,
2000-08,1.31,7.86,1662.11,1.21,1648.61,151.0,R$,715.34,1.8092,1.8092,93.46,7.14,,,,
2000-09,0.23,7.77,1665.93,0.43,1655.7,151.0,R$,712.28,1.8392,1.8392,94.05,6.68,,,,
2000-10,0.14,6.65,1668.26,0.16,1658.35,151.0,R$,711.14,1.8796,1.8796,95.61,6.75,,,,
2000-11,0.32,5.99,1673.6,0.29,1663.16,151.0,R$,709.09,1.948,1.948,99.08,6.19,,,,
2000-12,0.59,5.97,1683.47,0.55,1672.31,151.0,R$,705.21,1.9633,1.9633,101.06,4.83,,,,
2001-01,0.57,5.92,1693.07,0.77,1685.19,151.0,R$,699.82,1.9545,1.9545,100.36,5.7,,,,
2001-02,0.46,6.27,1700.86,0.49,1693.45,151.0,R$,696.4,2.0019,2.0019,105.96,5.72,,,,
2001-03,0.38,6.44,1707.32,0.48,1701.58,151.0,R$,693.08,2.089,2.089,109.46,6.46,,,,
2001-04,0.58,6.61,1717.22,0.84,1715.87,180.0,R$,819.3,2.1925,2.1925,114.17,6.51,,,,
2001-05,0.41,7.04,1724.26,0.57,1725.65,180.0,R$,814.66,2.2972,2.2972,119.14,6.86,,,,
2001-06,0.52,7.35,1733.23,0.6,1736.0,180.0,R$,809.8,2.3758,2.3758,121.73,6.38,,,,
2001-07,1.33,7.05,1756.28,1.11,1755.27,180.0,R$,800.91,2.466,2.466,124.71,6.19,,,,
2001-08,0.7,6.41,1768.57,0.79,1769.14,180.0,R$,794.63,2.5106,2.5106,128.03,6.18,,,,
2001-09,0.28,6.46,1773.52,0.44,1776.92,180.0,R$,791.15,2.6717,2.6717,136.35,6.15,,,,
2001-10,0.83,7.19,1788.24,0.94,1793.62,180.0,R$,783.79,2.7402,2.7402,137.79,6.55,,,,
2001-11,0.71,7.61,1800.94,1.29,1816.76,180.0,R$,773.8,2.5431,2.5431,126.16,6.4,,,,
2001-12,0.65,7.67,1812.65,0.74,1830.2,180.0,R$,768.12,2.3627,2.3627,116.85,5.6,,,,
2002-01,0.52,7.62,1822.08,1.07,1849.78,180.0,R$,759.99,2.3779,2.3779,111.75,6.83,,,,
2002-02,0.36,7.51,1828.64,0.31,1855.51,180.0,R$,757.64,2.4196,2.4196,111.03,6.98,,,,
2002-03,0.6,7.75,1839.61,0.62,1867.01,180.0,R$,752.98,2.3466,2.3466,106.76,7.09,12.9,47.9,,
2002-04,0.8,7.98,1854.33,0.68,1879.71,200.0,R$,830.99,2.3204,2.3204,105.39,7.57,12.5,48.1,,
2002-05,0.21,7.77,1858.22,0.09,1881.4,200.0,R$,830.24,2.4804,2.4804,112.89,7.7,11.9,48.2,,
2002-06,0.42,7.66,1866.02,0.61,1892.88,200.0,R$,825.21,2.714,2.714,124.7,7.5,11.6,48.4,,
2002-07,1.19,7.51,1888.23,1.15,1914.65,200.0,R$,815.82,2.9346,2.9346,136.62,7.53,11.9,48.6,,
2002-08,0.65,7.46,1900.5,0.86,1931.12,200.0,R$,808.87,3.1101,3.1101,142.67,7.3,11.7,49.2,,
2002-09,0.72,7.93,1914.18,0.83,1947.15,200.0,R$,802.21,3.342,3.342,152.25,7.51,11.5,49.4,,
2002-10,1.31,8.45,1939.26,1.57,1977.72,200.0,R$,789.81,3.8059,3.8059,171.03,7.36,11.2,49.7,,
2002-11,3.02,10.93,1997.83,3.39,2044.76,200.0,R$,763.91,3.5764,3.5764,158.26,7.07,10.9,50.0,,
2002-12,2.1,12.53,2039.78,2.7,2099.97,200.0,R$,743.83,3.6259,3.6259,158.7,5.24,10.5,49.5,,
2003-01,2.25,14.47,2085.68,2.47,2151.84,200.0,R$,725.9,3.4384,3.4384,149.36,,11.2,49.9,,
2003-02,1.57,15.85,2118.43,1.46,2183.26,200.0,R$,715.45,3.5908,3.5908,160.19,,11.6,49.7,,
2003-03,1.23,16.57,2144.49,1.37,2213.17,200.0,R$,705.78,3.4469,3.4469,152.85,,12.1,49.7,,
2003-04,0.97,16.77,2165.29,1.38,2243.71,240.0,R$,835.41,3.1187,3.1187,138.14,,12.4,49.7,,
2003-05,0.61,17.24,2178.5,0.99,2265.92,240.0,R$,827.22,2.9557,2.9557,133.03,,12.9,49.7,,
2003-06,-0.15,16.57,2175.23,-0.06,2264.56,240.0,R$,827.72,2.8832,2.8832,130.28,,13.0,49.9,,
2003-07,0.2,15.43,2179.58,0.04,2265.47,240.0,R$,827.39,2.8798,2.8798,129.2,,12.8,49.7,,
2003-08,0.34,15.07,2186.99,0.18,2269.55,240.0,R$,825.9,3.0025,3.0025,132.84,,13.0,50.0,,
2003-09,0.78,15.14,2204.05,0.82,2288.16,240.0,R$,819.18,2.9228,2.9228,129.62,,13.0,50.6,,
2003-10,0.29,13.98,2210.44,0.39,2297.08,240.0,R$,816.0,2.8615,2.8615,129.03,,12.9,50.2,,
2003-11,0.34,11.02,2217.96,0.37,2305.58,240.0,R$,812.99,2.9138,2.9138,130.76,,12.2,50.8,,
2003-12,0.52,9.3,2229.49,0.54,2318.03,240.0,R$,808.63,2.9253,2.9253,133.07,,10.9,50.6,,
2004-01,0.76,7.71,2246.43,0.83,2337.27,240.0,R$,801.97,2.8518,2.8518,130.93,,11.7,49.6,,
2004-02,0.61,6.69,2260.13,0.39,2346.39,240.0,R$,798.85,2.9303,2.9303,137.73,,12.0,49.6,,
2004-03,0.47,5.89,2270.75,0.57,2359.76,240.0,R$,794.33,2.9055,2.9055,135.51,,12.8,49.8,,
2004-04,0.37,5.26,2279.15,0.41,2369.43,240.0,R$,791.09,2.906,2.906,135.1,,13.1,50.0,,
2004-05,0.51,5.15,2290.77,0.4,2378.91,260.0,R$,853.59,3.1004,3.1004,142.57,,12.2,50.3,,
2004-06,0.71,6.06,2307.03,0.5,2390.8,260.0,R$,849.35,3.1291,3.1291,144.1,,11.7,50.4,,
2004-07,0.91,6.81,2328.02,0.73,2408.25,260.0,R$,843.19,3.0368,3.0368,139.4,,11.2,50.8,,
2004-08,0.69,7.18,2344.08,0.5,2420.29,260.0,R$,839.0,3.0029,3.0029,136.65,,11.4,51.0,,
2004-09,0.33,6.7,2351.82,0.17,2424.4,260.0,R$,837.58,2.8911,2.8911,131.58,,10.9,51.5,,
2004-10,0.44,6.86,2362.17,0.17,2428.52,260.0,R$,836.16,2.8529,2.8529,130.98,,10.5,51.4,,
2004-11,0.69,7.24,2378.47,0.44,2439.21,260.0,R$,832.49,2.786,2.786,129.05,,10.7,51.4,,
2004-12,0.86,7.6,2398.92,0.86,2460.19,260.0,R$,825.39,2.7182,2.7182,126.88,,9.6,51.3,,
2005-01,0.58,7.41,2412.83,0.57,2474.21,260.0,R$,820.72,2.693,2.693,124.02,,10.2,50.4,,
2005-02,0.59,7.39,2427.07,0.44,2485.1,260.0,R$,817.12,2.5978,2.5978,120.05,,10.7,50.3,,
2005-03,0.61,7.54,2441.87,0.73,2503.24,260.0,R$,811.2,2.7047,2.7047,125.3,,10.8,50.6,,
2005-04,0.87,8.07,2463.11,0.91,2526.02,260.0,R$,803.88,2.5792,2.5792,118.26,,10.8,50.5,,
2005-05,0.49,8.05,2475.18,0.7,2543.7,300.0,R$,921.11,2.4528,2.4528,111.64,,10.2,51.2,,
2005-06,-0.02,7.27,2474.68,-0.11,2540.9,300.0,R$,922.12,2.4135,2.4135,108.35,,9.4,51.2,,
2005-07,0.25,6.57,2480.87,0.03,2541.66,300.0,R$,921.85,2.3735,2.3735,106.38,,9.4,51.0,,
2005-08,0.17,6.02,2485.09,0.0,2541.66,300.0,R$,921.85,2.3606,2.3606,106.82,,9.4,51.2,,
2005-09,0.35,6.04,2493.79,0.15,2545.47,300.0,R$,920.47,2.2944,2.2944,104.03,,9.6,51.5,,
2005-10,0.75,6.36,2512.49,0.58,2560.23,300.0,R$,915.16,2.2565,2.2565,100.88,,9.6,51.4,,
2005-11,0.55,6.22,2526.31,0.54,2574.05,300.0,R$,910.25,2.2108,2.2108,97.21,,9.6,51.3,,
2005-12,0.36,5.69,2535.4,0.4,2584.35,300.0,R$,906.62,2.2855,2.2855,100.9,,8.4,51.5,,
2006-01,0.59,5.7,2550.36,0.38,2594.17,300.0,R$,903.19,2.2739,2.2739,100.68,,9.3,50.8,,
2006-02,0.41,5.51,2560.82,0.23,2600.14,300.0,R$,901.12,2.1619,2.1619,95.44,,10.1,50.6,,
2006-03,0.43,5.32,2571.83,0.27,2607.16,300.0,R$,898.69,2.152,2.152,95.29,,10.4,50.6,,
2006-04,0.21,4.63,2577.23,0.12,2610.29,350.0,R$,1047.21,2.1293,2.1293,95.14,,10.4,50.4,,
2006-05,0.1,4.23,2579.81,0.13,2613.68,350.0,R$,1045.86,2.1781,2.1781,99.31,,10.2,50.5,,
2006-06,-0.21,4.03,2574.39,-0.07,2611.85,350.0,R$,1046.59,2.2483,2.2483,102.35,,10.4,50.9,,
2006-07,0.19,3.97,2579.28,0.11,2614.72,350.0,R$,1045.44,2.1893,2.1893,100.12,,10.7,51.1,,
2006-08,0.05,3.84,2580.57,-0.02,2614.2,350.0,R$,1045.65,2.1559,2.1559,99.2,,10.6,51.5,,
2006-09,0.21,3.7,2585.99,0.16,2618.38,350.0,R$,1043.98,2.1687,2.1687,99.14,,10.0,52.1,,
2006-10,0.33,3.26,2594.52,0.43,2629.64,350.0,R$,1039.51,2.1483,2.1483,97.72,,9.8,51.8,,
2006-11,0.31,3.02,2602.56,0.42,2640.68,350.0,R$,1035.16,2.1579,2.1579,98.62,,9.5,51.9,,
2006-12,0.48,3.14,2615.05,0.62,2657.05,350.0,R$,1028.78,2.1499,2.1499,99.29,,8.4,51.9,,
2007-01,0.44,2.99,2626.56,0.49,2670.07,350.0,R$,1023.77,2.1385,2.1385,97.85,,9.3,51.2,,
2007-02,0.44,3.02,2638.12,0.42,2681.28,350.0,R$,1019.49,2.0963,2.0963,95.85,,9.9,50.8,,
2007-03,0.37,2.96,2647.88,0.44,2693.08,350.0,R$,1015.02,2.0887,2.0887,96.14,,10.2,51.1,,
2007-04,0.25,3.0,2654.5,0.26,2700.08,380.0,R$,1099.17,2.032,2.032,94.59,,10.2,50.9,,
2007-05,0.28,3.18,2661.93,0.26,2707.1,380.0,R$,1096.31,1.9816,1.9816,92.5,,10.2,50.8,,
2007-06,0.28,3.69,2669.38,0.31,2715.49,380.0,R$,1092.93,1.9319,1.9319,90.12,,9.7,51.3,,
2007-07,0.24,3.74,2675.79,0.32,2724.18,380.0,R$,1089.44,1.8828,1.8828,88.84,,9.5,51.5,,
2007-08,0.47,4.18,2688.37,0.59,2740.25,380.0,R$,1083.05,1.966,1.966,92.25,,9.5,51.9,,
2007-09,0.18,4.15,2693.21,0.25,2747.1,380.0,R$,1080.35,1.8996,1.8996,89.92,,9.0,52.3,,
2007-10,0.3,4.12,2701.29,0.3,2755.34,380.0,R$,1077.12,1.801,1.801,86.17,,8.7,52.4,,
2007-11,0.38,4.19,2711.55,0.43,2767.19,380.0,R$,1072.51,1.7699,1.7699,86.19,,8.2,52.6,,
2007-12,0.74,4.46,2731.62,0.97,2794.03,380.0,R$,1062.21,1.786,1.786,86.66,,7.4,52.3,,
2008-01,0.54,4.56,2746.37,0.69,2813.31,380.0,R$,1054.93,1.7743,1.7743,86.19,,8.0,51.9,,
2008-02,0.49,4.61,2759.83,0.48,2826.81,380.0,R$,1049.89,1.7277,1.7277,85.36,,8.7,51.6,,
2008-03,0.48,4.73,2773.08,0.51,2841.23,415.0,R$,1140.77,1.7076,1.7076,86.32,,8.6,51.8,,
2008-04,0.55,5.04,2788.33,0.64,2859.41,415.0,R$,1133.52,1.6889,1.6889,85.97,,8.5,52.0,,
2008-05,0.79,5.58,2810.36,0.96,2886.86,415.0,R$,1122.74,1.6605,1.6605,84.12,,7.9,52.2,,
2008-06,0.74,6.06,2831.16,0.91,2913.13,415.0,R$,1112.61,1.6189,1.6189,82.11,,7.8,52.6,,
2008-07,0.53,6.37,2846.16,0.58,2930.03,415.0,R$,1106.2,1.5914,1.5914,81.06,,8.1,52.4,,
2008-08,0.28,6.17,2854.13,0.21,2936.18,415.0,R$,1103.88,1.6123,1.6123,80.55,,7.6,52.6,,
2008-09,0.26,6.25,2861.55,0.15,2940.58,415.0,R$,1102.23,1.7996,1.7996,87.61,,7.7,53.0,,
2008-10,0.45,6.41,2874.43,0.5,2955.28,415.0,R$,1096.74,2.1729,2.1729,100.24,,7.5,53.5,,
2008-11,0.36,6.39,2884.78,0.38,2966.51,415.0,R$,1092.59,2.2663,2.2663,100.66,,7.6,53.3,,
2008-12,0.28,5.9,2892.86,0.29,2975.11,415.0,R$,1089.43,2.3944,2.3944,107.19,,6.8,53.2,,
2009-01,0.48,5.84,2906.74,0.64,2994.15,415.0,R$,1082.51,2.3074,2.3074,101.33,,8.2,52.1,,
2009-02,0.55,5.9,2922.73,0.31,3003.43,465.0,R$,1209.18,2.3127,2.3127,99.54,,8.5,51.6,,
2009-03,0.2,5.61,2928.57,0.2,3009.44,465.0,R$,1206.77,2.3138,2.3138,97.4,,9.0,51.6,,
2009-04,0.48,5.53,2942.63,0.55,3025.99,465.0,R$,1200.17,2.2059,2.2059,95.38,,8.9,51.5,,
2009-05,0.47,5.2,2956.46,0.6,3044.15,465.0,R$,1193.01,2.0609,2.0609,89.91,,8.8,51.6,,
2009-06,0.36,4.8,2967.1,0.42,3056.93,465.0,R$,1188.02,1.9576,1.9576,87.38,,8.1,51.9,,
2009-07,0.24,4.5,2974.22,0.23,3063.96,465.0,R$,1185.29,1.9328,1.9328,86.38,,8.0,52.2,,
2009-08,0.15,4.36,2978.68,0.08,3066.41,465.0,R$,1184.35,1.8452,1.8452,82.86,,8.1,52.3,,
2009-09,0.24,4.34,2985.83,0.16,3071.32,465.0,R$,1182.45,1.8198,1.8198,82.13,,7.7,52.5,,
2009-10,0.28,4.17,2994.19,0.24,3078.69,465.0,R$,1179.62,1.7384,1.7384,79.15,,7.5,52.5,,
2009-11,0.41,4.22,3006.47,0.37,3090.08,465.0,R$,1175.27,1.7262,1.7262,79.27,,7.3,52.7,,
2009-12,0.37,4.31,3017.59,0.24,3097.5,465.0,R$,1172.46,1.7503,1.7503,79.87,,6.8,53.1,,
2010-01,0.75,4.59,3040.22,0.88,3124.76,510.0,R$,1274.7,1.7798,1.7798,79.59,,7.2,52.5,,
2010-02,0.78,4.83,3063.93,0.7,3146.63,510.0,R$,1265.85,1.8416,1.8416,81.53,,7.4,52.6,,
2010-03,0.52,5.17,3079.86,0.71,3168.97,510.0,R$,1256.92,1.7858,1.7858,78.75,,7.6,52.7,,
2010-04,0.57,5.26,3097.42,0.73,3192.1,510.0,R$,1247.81,1.7566,1.7566,77.18,,7.3,52.9,,
2010-05,0.43,5.22,3110.74,0.43,3205.83,510.0,R$,1242.47,1.8132,1.8132,77.66,,7.4,53.1,,
2010-06,0.0,4.84,3110.74,-0.11,3202.3,510.0,R$,1243.84,1.8065,1.8065,76.4,,7.0,53.0,,
2010-07,0.01,4.6,3111.05,-0.07,3200.06,510.0,R$,1244.71,1.7696,1.7696,76.44,,6.9,53.2,,
2010-08,0.04,4.49,3112.29,-0.07,3197.82,510.0,R$,1245.58,1.7596,1.7596,76.82,,6.7,53.5,,
2010-09,0.45,4.7,3126.29,0.54,3215.09,510.0,R$,1238.89,1.7187,1.7187,75.57,,6.2,53.8,,
2010-10,0.75,5.2,3149.74,0.92,3244.67,510.0,R$,1227.6,1.6835,1.6835,75.18,,6.0,54.0,,
2010-11,0.83,5.63,3175.88,1.03,3278.09,510.0,R$,1215.08,1.7133,1.7133,75.74,,5.7,54.0,,
2010-12,0.63,5.91,3195.89,0.6,3297.76,510.0,R$,1207.83,1.6934,1.6934,73.74,,5.3,54.0,,
2011-01,0.83,5.99,3222.42,0.94,3328.76,540.0,R$,1266.97,1.6749,1.6749,73.19,,6.0,53.1,,
2011-02,0.8,6.01,3248.2,0.54,3346.74,540.0,R$,1260.17,1.668,1.668,74.67,,6.3,53.2,,
2011-03,0.79,6.3,3273.86,0.66,3368.83,545.0,R$,1263.49,1.6591,1.6591,74.77,,6.4,53.4,,
2011-04,0.77,6.51,3299.07,0.72,3393.09,545.0,R$,1254.46,1.5864,1.5864,72.21,,6.4,53.4,,
2011-05,0.47,6.55,3314.58,0.57,3412.43,545.0,R$,1247.35,1.6135,1.6135,73.42,,6.3,53.6,,
2011-06,0.15,6.71,3319.55,0.22,3419.94,545.0,R$,1244.61,1.587,1.587,72.38,,6.2,53.5,,
2011-07,0.16,6.87,3324.86,0.0,3419.94,545.0,R$,1244.61,1.5639,1.5639,71.76,,6.0,53.7,,
2011-08,0.37,7.23,3337.16,0.42,3434.3,545.0,R$,1239.41,1.597,1.597,73.43,,6.0,54.0,,
2011-09,0.53,7.31,3354.85,0.45,3449.76,545.0,R$,1233.85,1.7498,1.7498,78.12,,6.0,54.0,,
2011-10,0.43,6.97,3369.28,0.32,3460.8,545.0,R$,1229.92,1.7726,1.7726,78.22,,5.7,54.0,,
2011-11,0.52,6.64,3386.8,0.57,3480.52,545.0,R$,1222.95,1.7905,1.7905,78.06,,5.2,54.4,,
2011-12,0.5,6.5,3403.73,0.51,3498.27,545.0,R$,1216.74,1.8369,1.8369,79.39,,4.7,54.1,,
2012-01,0.56,6.22,3422.79,0.51,3516.11,622.0,R$,1381.61,1.7897,1.7897,76.75,,5.5,53.6,,
2012-02,0.45,5.84,3438.19,0.39,3529.82,622.0,R$,1376.24,1.7184,1.7184,75.45,,5.7,53.7,,
2012-03,0.21,5.24,3445.41,0.18,3536.17,622.0,R$,1373.77,1.7953,1.7953,79.0,,6.2,53.6,8.0,57.3
2012-04,0.64,5.1,3467.46,0.64,3558.81,622.0,R$,1365.03,1.8548,1.8548,81.1,,6.0,53.7,7.8,57.8
2012-05,0.36,4.99,3479.94,0.55,3578.38,622.0,R$,1357.56,1.986,1.986,85.53,,5.8,54.3,7.7,58.1
2012-06,0.08,4.92,3482.72,0.26,3587.67,622.0,R$,1354.05,2.0492,2.0492,87.0,,5.9,53.9,7.6,58.2
2012-07,0.43,5.2,3497.7,0.43,3603.1,622.0,R$,1348.25,2.0287,2.0287,85.92,,5.4,53.7,7.5,58.2
2012-08,0.41,5.24,3512.04,0.45,3619.31,622.0,R$,1342.21,2.0294,2.0294,86.89,,5.3,54.1,7.3,58.3
2012-09,0.57,5.28,3532.06,0.63,3642.12,622.0,R$,1333.8,2.0281,2.0281,87.63,,5.4,54.5,7.1,58.4
2012-10,0.59,5.45,3552.9,0.71,3667.97,622.0,R$,1324.4,2.0298,2.0298,87.34,,5.3,55.0,6.9,58.4
2012-11,0.6,5.53,3574.22,0.54,3687.78,622.0,R$,1317.29,2.0678,2.0678,87.99,,4.9,55.3,6.8,58.4
2012-12,0.79,5.84,3602.46,0.74,3715.07,622.0,R$,1307.61,2.0778,2.0778,88.5,,4.6,55.2,6.9,58.3
2013-01,0.86,6.15,3633.44,0.92,3749.25,678.0,R$,1412.35,2.0311,2.0311,86.0,,5.5,54.5,7.2,58.1
2013-02,0.6,6.31,3655.24,0.52,3768.75,678.0,R$,1405.04,1.9733,1.9733,83.58,,5.6,54.0,7.8,57.8
2013-03,0.47,6.59,3672.42,0.6,3791.36,678.0,R$,1396.66,1.9828,1.9828,82.97,,5.7,53.8,8.0,57.5
2013-04,0.55,6.49,3692.62,0.59,3813.73,678.0,R$,1388.47,2.0022,2.0022,83.3,,5.8,53.6,7.9,57.7
2013-05,0.37,6.5,3706.28,0.35,3827.08,678.0,R$,1383.62,2.0348,2.0348,84.33,,5.8,53.9,7.6,58.0
2013-06,0.26,6.7,3715.92,0.28,3837.8,678.0,R$,1379.76,2.173,2.173,90.18,,6.0,53.7,7.5,58.1
2013-07,0.03,6.27,3717.03,-0.13,3832.81,678.0,R$,1381.56,2.2522,2.2522,93.45,,5.6,54.0,7.4,58.2
2013-08,0.24,6.09,3725.95,0.16,3838.94,678.0,R$,1379.35,2.3422,2.3422,98.06,,5.3,54.2,7.2,58.2
2013-09,0.35,5.86,3738.99,0.27,3849.31,678.0,R$,1375.63,2.2705,2.2705,94.79,,5.4,54.0,7.0,58.2
2013-10,0.57,5.84,3760.3,0.61,3872.79,678.0,R$,1367.29,2.1886,2.1886,91.47,,5.2,54.2,6.8,58.3
2013-11,0.54,5.77,3780.61,0.54,3893.7,678.0,R$,1359.95,2.2954,2.2954,94.71,,4.6,54.2,6.5,58.5
2013-12,0.92,5.91,3815.39,0.72,3921.74,678.0,R$,1350.23,2.3455,2.3455,95.87,,4.3,54.2,6.2,58.5
2014-01,0.55,5.59,3836.37,0.63,3946.44,724.0,R$,1432.81,2.3822,2.3822,95.6,,4.8,53.8,6.5,58.2
2014-02,0.69,5.68,3862.84,0.64,3971.7,724.0,R$,1423.7,2.3837,2.3837,94.72,,5.1,53.3,6.8,58.1
2014-03,0.92,6.15,3898.38,0.82,4004.27,724.0,R$,1412.12,2.3261,2.3261,91.68,,5.0,53.1,7.2,57.8
2014-04,0.67,6.28,3924.5,0.78,4035.5,724.0,R$,1401.19,2.2328,2.2328,87.63,,4.8,53.0,7.2,57.9
2014-05,0.46,6.37,3942.55,0.6,4059.71,724.0,R$,1392.83,2.2209,2.2209,86.9,,4.9,53.0,7.0,58.0
2014-06,0.4,6.52,3958.32,0.26,4070.27,724.0,R$,1389.22,2.2355,2.2355,87.05,,4.8,53.2,6.9,58.1
2014-07,0.01,6.5,3958.72,0.13,4075.56,724.0,R$,1387.42,2.2246,2.2246,87.49,,4.9,53.0,7.0,58.0
2014-08,0.25,6.51,3968.62,0.18,4082.9,724.0,R$,1384.92,2.268,2.268,88.77,,5.0,53.4,7.0,57.9
2014-09,0.57,6.75,3991.24,0.49,4102.9,724.0,R$,1378.17,2.3329,2.3329,89.59,,4.8,53.2,6.8,58.1
2014-10,0.42,6.59,4008.0,0.38,4118.49,724.0,R$,1372.96,2.4483,2.4483,92.87,,4.6,53.6,6.7,58.2
2014-11,0.51,6.56,4028.44,0.53,4140.32,724.0,R$,1365.72,2.5484,2.5484,94.97,,4.8,53.8,6.6,58.2
2014-12,0.78,6.41,4059.86,0.62,4165.99,724.0,R$,1357.3,2.6394,2.6394,96.64,,4.3,53.3,6.6,58.2
2015-01,1.24,7.14,4110.2,1.48,4227.64,788.0,R$,1455.74,2.6342,2.6342,93.33,,5.3,52.8,6.9,58.0
2015-02,1.22,7.7,4160.34,1.16,4276.69,788.0,R$,1439.05,2.8165,2.8165,98.77,,5.8,52.3,7.5,57.7
2015-03,1.32,8.13,4215.26,1.51,4341.26,788.0,R$,1417.64,3.1395,3.1395,106.96,,6.1,52.2,8.0,57.4
2015-04,0.71,8.17,4245.19,0.71,4372.08,788.0,R$,1407.65,3.0432,3.0432,103.69,,6.4,52.3,8.1,57.5
2015-05,0.74,8.47,4276.6,0.99,4415.37,788.0,R$,1393.85,3.0617,3.0617,104.13,,6.7,52.2,8.2,57.4
2015-06,0.79,8.89,4310.39,0.77,4449.36,788.0,R$,1383.2,3.1117,3.1117,105.07,,6.9,52.1,8.4,57.4
2015-07,0.62,9.56,4337.11,0.58,4475.17,788.0,R$,1375.22,3.2231,3.2231,108.32,,7.5,51.9,8.6,57.3
2015-08,0.22,9.53,4346.65,0.25,4486.36,788.0,R$,1371.79,3.5143,3.5143,116.79,,7.5,51.8,8.8,57.2
2015-09,0.54,9.49,4370.12,0.51,4509.24,788.0,R$,1364.83,3.9065,3.9065,129.34,,7.5,51.8,9.0,57.2
2015-10,0.82,9.93,4405.95,0.77,4543.96,788.0,R$,1354.4,3.8801,3.8801,127.47,,7.8,51.1,9.1,57.2
2015-11,1.01,10.48,4450.45,1.11,4594.4,788.0,R$,1339.53,3.7765,3.7765,121.97,,7.5,51.3,9.1,57.1
2015-12,0.96,10.67,4493.17,0.9,4635.75,788.0,R$,1327.58,3.8711,3.8711,122.1,,6.9,51.3,9.1,57.1
2016-01,1.27,10.71,4550.23,1.51,4705.75,880.0,R$,1460.53,4.0524,4.0524,122.64,,7.6,50.7,9.6,56.7
2016-02,0.9,10.36,4591.18,0.95,4750.45,880.0,R$,1446.78,3.9737,3.9737,120.27,,8.2,49.8,10.3,56.3
2016-03,0.43,9.39,4610.92,0.44,4771.36,880.0,R$,1440.44,3.7039,3.7039,112.65,,,,11.0,55.9
2016-04,0.61,9.28,4639.05,0.64,4801.89,880.0,R$,1431.29,3.5658,3.5658,110.04,,,,11.3,55.7
2016-05,0.78,9.32,4675.23,0.98,4848.95,880.0,R$,1417.4,3.5393,3.5393,108.67,,,,11.3,55.8
2016-06,0.35,8.84,4691.59,0.47,4871.74,880.0,R$,1410.76,3.4245,3.4245,104.88,,,,11.4,55.7
2016-07,0.52,8.74,4715.99,0.64,4902.92,880.0,R$,1401.79,3.2756,3.2756,99.55,,,,11.7,55.4
2016-08,0.44,8.97,4736.74,0.31,4918.12,880.0,R$,1397.46,3.2097,3.2097,98.17,,,,11.9,55.2
2016-09,0.08,8.48,4740.53,0.08,4922.05,880.0,R$,1396.34,3.2564,3.2564,99.1,,,,11.9,55.0
2016-10,0.26,7.87,4752.86,0.17,4930.42,880.0,R$,1393.97,3.1858,3.1858,95.95,,,,11.9,55.0
2016-11,0.18,6.99,4761.42,0.07,4933.87,880.0,R$,1393.0,3.342,3.342,98.84,,,,12.0,55.1
2016-12,0.3,6.29,4775.7,0.14,4940.78,880.0,R$,1391.05,3.3523,3.3523,97.55,,,,12.1,55.0
2017-01,0.38,5.35,4793.85,0.42,4961.53,937.0,R$,1474.96,3.1966,3.1966,93.08,,,,12.7,54.7
2017-02,0.33,4.76,4809.67,0.24,4973.44,937.0,R$,1471.43,3.1042,3.1042,91.5,,,,13.3,54.4
2017-03,0.25,4.57,4821.69,0.32,4989.36,937.0,R$,1466.73,3.1279,3.1279,92.12,,,,13.9,54.1
2017-04,0.14,4.08,4828.44,0.08,4993.35,937.0,R$,1465.56,3.1362,3.1362,93.26,,,,13.7,54.2
2017-05,0.31,3.6,4843.41,0.36,5011.33,937.0,R$,1460.3,3.2095,3.2095,95.64,,,,13.4,54.4
2017-06,-0.23,3.0,4832.27,-0.3,4996.3,937.0,R$,1464.69,3.2954,3.2954,99.23,,,,13.1,54.7
2017-07,0.24,2.71,4843.87,0.17,5004.79,937.0,R$,1462.21,3.2061,3.2061,97.45,,,,12.9,54.9
2017-08,0.19,2.46,4853.07,-0.03,5003.29,937.0,R$,1462.65,3.1509,3.1509,97.36,,,,12.7,55.1
2017-09,0.16,2.54,4860.83,-0.02,5002.29,937.0,R$,1462.94,3.1348,3.1348,97.51,,,,12.5,55.2
2017-10,0.42,2.7,4881.25,0.37,5020.8,937.0,R$,1457.55,3.1912,3.1912,97.91,,,,12.3,55.4
2017-11,0.28,2.8,4894.92,0.18,5029.84,937.0,R$,1454.93,3.2594,3.2594,99.87,,,,12.1,55.6
2017-12,0.44,2.95,4916.46,0.26,5042.92,937.0,R$,1451.15,3.2919,3.2919,100.99,,,,11.9,55.6
2018-01,0.29,2.86,4930.72,0.23,5054.52,954.0,R$,1474.09,3.2106,3.2106,99.48,,,,12.3,55.3
2018-02,0.32,2.84,4946.5,0.18,5063.62,954.0,R$,1471.44,3.2415,3.2415,101.89,,,,12.7,55.0
2018-03,0.09,2.68,4950.95,0.07,5067.16,954.0,R$,1470.41,3.2792,3.2792,102.57,,,,13.2,54.7
2018-04,0.22,2.76,4961.84,0.21,5077.8,954.0,R$,1467.33,3.4075,3.4075,106.74,,,,13.0,54.7
2018-05,0.4,2.86,4981.69,0.43,5099.63,954.0,R$,1461.05,3.6361,3.6361,110.0,,,,12.8,54.7
2018-06,1.26,4.39,5044.46,1.43,5172.55,954.0,R$,1440.46,3.7732,3.7732,110.84,,,,12.6,54.9
2018-07,0.33,4.48,5061.11,0.25,5185.48,954.0,R$,1436.86,3.8288,3.8288,111.84,,,,12.4,55.1
2018-08,-0.09,4.19,5056.56,0.0,5185.48,954.0,R$,1436.86,3.9298,3.9298,113.82,,,,12.2,55.3
2018-09,0.48,4.53,5080.83,0.3,5201.04,954.0,R$,1432.56,4.1165,4.1165,116.32,,,,12.0,55.6
2018-10,0.45,4.56,5103.69,0.4,5221.84,954.0,R$,1426.86,3.7584,3.7584,106.32,,,,11.8,55.8
2018-11,-0.21,4.05,5092.97,-0.25,5208.79,954.0,R$,1430.43,3.7867,3.7867,106.72,,,,11.7,55.9
2018-12,0.15,3.75,5100.61,0.14,5216.08,954.0,R$,1428.43,3.8851,3.8851,109.46,,,,11.7,55.8
2019-01,0.32,3.78,5116.93,0.36,5234.86,998.0,R$,1488.95,3.7417,3.7417,106.18,,,,12.2,55.4
2019-02,0.43,3.89,5138.93,0.54,5263.13,998.0,R$,1480.96,3.7236,3.7236,105.64,,,,12.5,55.1
2019-03,0.75,4.58,5177.47,0.77,5303.66,998.0,R$,1469.64,3.8465,3.8465,107.76,,,,12.8,55.1
2019-04,0.57,4.94,5206.98,0.6,5335.48,998.0,R$,1460.88,3.8962,3.8962,108.96,,,,12.6,55.4
2019-05,0.13,4.66,5213.75,0.15,5343.48,998.0,R$,1458.69,4.0015,4.0015,110.69,,,,12.4,55.7
2019-06,0.01,3.37,5214.27,0.01,5344.01,998.0,R$,1458.54,3.8588,3.8588,107.71,,,,12.1,55.8
2019-07,0.19,3.22,5224.18,0.1,5349.35,998.0,R$,1457.09,3.7793,3.7793,106.95,,,,11.9,55.9
2019-08,0.11,3.43,5229.93,0.12,5355.77,998.0,R$,1455.34,4.02,4.02,110.62,,,,11.9,55.9
2019-09,-0.04,2.89,5227.84,-0.05,5353.09,998.0,R$,1456.07,4.1215,4.1215,112.63,,,,11.9,56.0
2019-10,0.1,2.54,5233.07,0.04,5355.23,998.0,R$,1455.49,4.087,4.087,112.09,,,,11.7,56.2
2019-11,0.51,3.27,5259.76,0.54,5384.15,998.0,R$,1447.67,4.1553,4.1553,113.51,,,,11.3,56.3
2019-12,1.15,4.31,5320.25,1.22,5449.84,998.0,R$,1430.22,4.1096,4.1096,111.81,,,,11.1,56.4
2020-01,0.21,4.19,5331.42,0.19,5460.19,1039.0,R$,1486.15,4.1495,4.1495,113.2,,,,11.3,56.1
2020-02,0.25,4.01,5344.75,0.17,5469.47,1045.0,R$,1492.2,4.341,4.341,118.06,,,,11.7,55.8
2020-03,0.07,3.3,5348.49,0.18,5479.32,1045.0,R$,1489.52,4.8839,4.8839,131.08,,,,12.4,54.8
2020-04,-0.31,2.4,5331.91,-0.23,5466.72,1045.0,R$,1492.95,5.3256,5.3256,141.14,,,,12.7,53.0
2020-05,-0.38,1.88,5311.65,-0.25,5453.05,1045.0,R$,1496.69,5.6434,5.6434,149.83,,,,13.1,51.0
2020-06,0.26,2.13,5325.46,0.3,5469.41,1045.0,R$,1492.22,5.1966,5.1966,139.5,,,,13.6,49.4
2020-07,0.36,2.31,5344.63,0.44,5493.48,1045.0,R$,1485.68,5.2802,5.2802,144.2,,,,14.1,48.5
2020-08,0.24,2.44,5357.46,0.36,5513.26,1045.0,R$,1480.35,5.4612,5.4612,151.32,,,,14.8,48.4
2020-09,0.64,3.14,5391.75,0.87,5561.23,1045.0,R$,1467.58,5.3995,5.3995,148.88,,,,14.9,48.9
2020-10,0.86,3.92,5438.12,0.89,5610.72,1045.0,R$,1454.63,5.6258,5.6258,154.27,,,,14.6,49.9
2020-11,0.89,4.31,5486.52,0.95,5664.02,1045.0,R$,1440.95,5.4178,5.4178,148.41,,,,14.3,50.6
2020-12,1.35,4.52,5560.59,1.46,5746.71,1045.0,R$,1420.21,5.1456,5.1456,141.0,,,,14.2,51.0
2021-01,0.25,4.56,5574.49,0.27,5762.23,1100.0,R$,1490.93,5.3562,5.3562,147.01,,,,14.4,50.9
2021-02,0.86,5.2,5622.43,0.82,5809.48,1100.0,R$,1478.81,5.4165,5.4165,148.58,,,,14.6,50.9
2021-03,0.93,6.1,5674.72,0.86,5859.44,1100.0,R$,1466.2,5.6461,5.6461,152.43,,,,14.9,50.8
2021-04,0.31,6.76,5692.31,0.38,5881.71,1100.0,R$,1460.65,5.5621,5.5621,150.95,,,,14.8,51.0
2021-05,0.83,8.06,5739.56,0.96,5938.17,1100.0,R$,1446.76,5.2911,5.2911,144.11,,,,14.7,51.3
2021-06,0.53,8.35,5769.98,0.6,5973.8,1100.0,R$,1438.13,5.0319,5.0319,136.74,,,,14.2,52.0
2021-07,0.96,8.99,5825.37,1.02,6034.73,1100.0,R$,1423.61,5.1567,5.1567,139.21,,,,13.7,52.7
2021-08,0.87,9.68,5876.05,0.88,6087.84,1100.0,R$,1411.19,5.2517,5.2517,141.0,,,,13.2,53.3
2021-09,1.16,10.25,5944.21,1.2,6160.89,1100.0,R$,1394.46,5.2797,5.2797,140.07,,,,12.7,54.0
2021-10,1.25,10.67,6018.51,1.16,6232.36,1100.0,R$,1378.47,5.54,5.54,145.35,,,,12.1,54.5
2021-11,0.95,10.74,6075.69,0.84,6284.71,1100.0,R$,1366.98,5.5569,5.5569,144.1,,,,11.6,55.0
2021-12,0.73,10.06,6120.04,0.73,6330.59,1100.0,R$,1357.08,5.6514,5.6514,145.65,,,,11.1,55.5
2022-01,0.54,10.38,6153.09,0.67,6373.0,1212.0,R$,1485.3,5.5341,5.5341,142.57,,,,11.2,55.3
2022-02,1.01,10.54,6215.24,1.0,6436.73,1212.0,R$,1470.6,5.1966,5.1966,134.34,,,,11.2,55.1
2022-03,1.62,11.3,6315.93,1.71,6546.8,1212.0,R$,1445.87,4.9684,4.9684,126.99,,,,11.1,55.1
2022-04,1.06,12.13,6382.88,1.04,6614.89,1212.0,R$,1430.99,4.758,4.758,119.52,,,,10.5,55.8
2022-05,0.47,11.73,6412.88,0.45,6644.66,1212.0,R$,1424.58,4.9551,4.9551,122.21,,,,9.8,56.3
2022-06,0.67,11.89,6455.85,0.62,6685.86,1212.0,R$,1415.8,5.0492,5.0492,124.1,,,,9.3,56.7
2022-07,-0.68,10.07,6411.95,-0.6,6645.74,1212.0,R$,1424.35,5.3681,5.3681,132.68,,,,9.1,56.9
2022-08,-0.36,8.73,6388.87,-0.31,6625.14,1212.0,R$,1428.77,5.1433,5.1433,128.18,,,,8.9,57.1
2022-09,-0.29,7.17,6370.34,-0.32,6603.94,1212.0,R$,1433.36,5.237,5.237,128.54,,,,8.7,57.2
2022-10,0.59,6.47,6407.93,0.47,6634.98,1212.0,R$,1426.66,5.2503,5.2503,126.82,,,,8.3,57.4
2022-11,0.41,5.9,6434.2,0.38,6660.19,1212.0,R$,1421.26,5.2747,5.2747,128.07,,,,8.1,57.3
2022-12,0.62,5.79,6474.09,0.69,6706.15,1212.0,R$,1411.51,5.2424,5.2424,129.09,,,,7.9,57.1
2023-01,0.53,5.77,6508.4,0.46,6737.0,1302.0,R$,1509.39,5.2007,5.2007,130.0,,,,8.4,56.6
2023-02,0.84,5.6,6563.07,0.77,6788.87,1302.0,R$,1497.85,5.1717,5.1717,128.63,,,,8.6,56.3
2023-03,0.71,4.65,6609.67,0.64,6832.32,1302.0,R$,1488.33,5.2115,5.2115,128.04,,,,8.8,56.1
2023-04,0.61,4.18,6649.99,0.53,6868.53,1302.0,R$,1480.48,5.0197,5.0197,123.68,,,,8.5,56.2
2023-05,0.23,3.94,6665.28,0.36,6893.26,1320.0,R$,1495.57,4.9828,4.9828,121.49,,,,8.3,56.3
2023-06,-0.08,3.16,6659.95,-0.1,6886.37,1320.0,R$,1497.06,4.8516,4.8516,117.47,,,,8.0,56.6
2023-07,0.12,3.99,6667.94,-0.09,6880.17,1320.0,R$,1498.41,4.8008,4.8008,118.04,,,,7.9,56.8
2023-08,0.23,4.61,6683.28,0.2,6893.93,1320.0,R$,1495.42,4.9035,4.9035,119.48,,,,7.8,56.9
2023-09,0.26,5.19,6700.66,0.11,6901.51,1320.0,R$,1493.78,4.937,4.937,118.73,,,,7.7,57.0
2023-10,0.24,4.82,6716.74,0.12,6909.79,1320.0,R$,1491.99,5.0648,5.0648,120.73,,,,7.6,57.2
2023-11,0.28,4.68,6735.55,0.1,6916.7,1320.0,R$,1490.5,4.8983,4.8983,118.13,,,,7.5,57.3
2023-12,0.56,4.62,6773.27,0.55,6954.74,1320.0,R$,1482.34,4.8972,4.8972,116.28,,,,7.4,57.6
2024-01,0.42,4.51,6801.72,0.57,6994.38,1412.0,R$,1576.67,4.9144,4.9144,114.9,,,,7.6,57.3
2024-02,0.83,4.5,6858.17,0.81,7051.03,1412.0,R$,1564.01,4.9644,4.9644,116.82,,,,7.8,57.1
2024-03,0.16,3.93,6869.14,0.19,7064.43,1412.0,R$,1561.04,4.9801,4.9801,117.4,,,,7.9,57.0
2024-04,0.38,3.69,6895.24,0.37,7090.57,1412.0,R$,1555.28,5.1291,5.1291,120.6,,,,7.5,57.3
2024-05,0.46,3.93,6926.96,0.46,7123.19,1412.0,R$,1548.16,5.133,5.133,120.73,,,,7.1,57.6
2024-06,0.21,4.23,6941.51,0.25,7141.0,1412.0,R$,1544.3,5.389,5.389,126.12,,,,6.9,57.8
2024-07,0.38,4.5,6967.89,0.26,7159.57,1412.0,R$,1540.29,5.542,5.542,131.54,,,,6.8,57.9
2024-08,-0.02,4.24,6966.5,-0.14,7149.55,1412.0,R$,1542.45,5.5526,5.5526,134.29,,,,6.6,58.1
2024-09,0.44,4.42,6997.15,0.48,7183.87,1412.0,R$,1535.08,5.5416,5.5416,133.7,,,,6.4,58.4
2024-10,0.56,4.76,7036.33,0.61,7227.69,1412.0,R$,1525.78,5.6241,5.6241,133.33,,,,6.2,58.7
2024-11,0.39,4.87,7063.77,0.33,7251.54,1412.0,R$,1520.76,5.8071,5.8071,134.64,,,,6.1,58.8
2024-12,0.52,4.83,7100.5,0.48,7286.35,1412.0,R$,1513.49,6.097,6.097,139.61,,,,6.2,58.7
2025-01,0.16,4.56,7111.86,0.0,7286.35,1518.0,R$,1627.11,6.0218,6.0218,136.7,,,,6.5,58.2
2025-02,1.31,5.06,7205.03,1.48,7394.19,1518.0,R$,1603.38,5.7656,5.7656,130.95,,,,6.8,58.0
2025-03,0.56,5.48,7245.38,0.51,7431.9,1518.0,R$,1595.25,5.7468,5.7468,131.04,,,,7.0,57.8
2025-04,0.43,5.53,7276.54,0.48,7467.57,1518.0,R$,1587.63,5.7837,5.7837,131.81,,,,6.6,58.2
2025-05,0.26,5.32,7295.46,0.35,7493.71,1518.0,R$,1582.09,5.6674,5.6674,129.87,,,,6.2,58.6
2025-06,0.24,5.35,7312.97,0.23,7510.95,1518.0,R$,1578.46,5.5471,5.5471,127.94,,,,5.8,58.8
2025-07,0.26,5.23,7331.98,0.21,7526.72,1518.0,R$,1575.15,5.5285,5.5285,128.91,,,,5.6,58.8
2025-08,-0.11,5.13,7323.91,-0.21,7510.91,1518.0,R$,1578.47,5.4469,5.4469,127.44,,,,5.6,58.8
2025-09,0.48,5.17,7359.06,0.52,7549.97,1518.0,R$,1570.3,5.3674,5.3674,124.76,,,,5.6,58.7
2025-10,0.09,4.68,7365.68,0.03,7552.23,1518.0,R$,1569.83,5.3855,5.3855,124.42,,,,5.4,58.8
2025-11,0.18,4.46,7378.94,0.03,7554.5,1518.0,R$,1569.36,5.3409,5.3409,122.71,,,,5.2,59.0
2025-12,0.33,4.26,7403.29,0.21,7570.36,1518.0,R$,1566.07,5.4531,5.4531,125.73,,,,5.1,58.9
2026-01,0.33,4.44,7427.72,0.39,7599.88,1621.0,R$,1665.84,5.338,5.338,123.49,,,,5.4,58.7
2026-02,0.7,3.81,7479.71,0.56,7642.44,1621.0,R$,1656.56,5.2006,5.2006,122.4,,,,5.8,58.4
2026-03,0.88,4.14,7545.53,0.91,7711.99,1621.0,R$,1641.62,5.2316,5.2316,121.38,,,,6.1,58.2
2026-04,0.67,4.39,7596.09,0.81,7774.46,1621.0,R$,1628.43,5.0331,5.0331,117.85,,,,5.8,58.4
2026-05,0.58,4.72,7640.15,0.65,7824.99,1621.0,R$,1617.91,4.9837,4.9837,116.2,,,,5.6,58.6
2026-06,0.16,4.64,7652.37,0.14,7835.94,1621.0,R$,1615.65,5.1276,5.1276,118.62,,,,5.4,58.8
2026-07,0.07,4.44,7657.73,-0.01,7835.16,1621.0,R$,1615.81,5.1139,5.1139,119.67,,,,5.3,58.9
2026-08,-0.32,4.22,7633.23,-0.32,7810.09,1621.0,R$,1621.0,5.1532,5.1532,,,,,5.3,58.9
2026-09,,,,,,,,,5.1447,5.1447,,,,,,
