ano,crescimento_brasil,crescimento_mundo,crescimento_america_latina,crescimento_renda_media_alta,diferenca_mundo_pp,diferenca_america_latina_pp,crescimento_pc_brasil,crescimento_pc_mundo,diferenca_pc_mundo_pp,pib_pc_ppc_brasil,pib_pc_ppc_pct_eua,pib_pc_ppc_pct_mundo,participacao_pib_mundial_ppc,participacao_pib_mundial_usd,termos_troca,cambio_real_efetivo,investimento_pct_pib,indice_commodities_nao_energia_real,crescimento_brasil_fmi,crescimento_mundo_fmi,participacao_pib_mundial_ppc_fmi,fmi_projecao
1960,,,,,,,,,,,,,,1.25,,,17.52,96.70,,,,não
1961,8.60,3.91,6.02,0.53,4.69,2.58,5.37,2.51,2.86,,,,,1.20,,,18.84,94.70,,,,não
1962,6.60,5.32,4.50,3.16,1.28,2.10,3.47,3.48,-0.01,,,,,1.24,,,20.31,91.70,,,,não
1963,0.60,5.02,2.15,4.55,-4.42,-1.55,-2.32,2.82,-5.14,,,,,1.39,,,19.04,98.60,,,,não
1964,3.40,6.63,7.46,8.56,-3.23,-4.06,0.45,4.43,-3.98,,,,,1.14,,,18.82,101.40,,,,não
1965,2.40,5.63,5.59,7.61,-3.23,-3.19,-0.45,3.48,-3.92,,,,,1.12,,,19.42,102.00,,,,não
1966,6.70,5.42,4.78,6.21,1.28,1.92,3.82,3.24,0.58,,,,,1.31,,,19.03,102.20,,,,não
1967,4.20,3.74,4.27,3.84,0.46,-0.07,1.48,1.64,-0.16,,,,,1.35,,,16.65,97.50,,,,não
1968,9.80,5.95,7.12,6.89,3.85,2.68,7.02,3.80,3.23,,,,,1.37,,,18.89,96.30,,,,não
1969,9.50,5.96,6.57,8.27,3.54,2.93,6.79,3.78,3.01,,,,,1.35,,,22.52,96.40,,,,não
1970,10.40,3.77,6.59,8.26,6.63,3.81,7.70,1.63,6.07,,,,,1.41,,,20.54,95.00,,,,não
1971,11.34,4.11,6.65,6.61,7.23,4.70,8.65,1.95,6.70,,,,,1.47,,,21.26,88.40,,,,não
1972,11.94,5.54,6.94,7.62,6.40,5.00,9.25,3.45,5.80,,,,,1.52,,,21.21,84.60,,,,não
1973,13.97,6.46,7.95,7.77,7.51,6.02,11.24,4.37,6.87,,,,,1.78,,,22.04,113.90,,,,não
1974,8.15,1.99,6.06,6.28,6.16,2.09,5.59,0.04,5.55,,,,,2.02,,,24.31,125.90,,,,não
1975,5.17,0.81,3.59,4.56,4.35,1.58,2.69,-1.04,3.74,,,,,2.14,,,25.70,92.40,,,,não
1976,10.26,5.22,5.50,6.59,5.04,4.75,7.66,3.35,4.32,,,,,2.33,,,23.04,95.10,,,,não
1977,4.93,3.94,4.92,4.36,0.99,0.01,2.46,2.13,0.33,,,,,2.37,,,22.05,102.20,,,,não
1978,4.97,4.14,4.45,3.84,0.83,0.52,2.49,2.33,0.17,,,,,2.27,,,23.03,88.70,,,,não
1979,6.76,4.14,7.15,5.62,2.62,-0.39,4.25,2.31,1.94,,,,,2.17,,,23.14,92.50,,,,não
1980,9.20,1.82,6.26,4.68,7.38,2.94,6.65,0.04,6.62,,,,,2.07,,84.31,23.11,92.00,9.20,2.20,3.97,não
1981,-4.25,1.89,1.15,1.98,-6.14,-5.40,-6.45,0.10,-6.55,,,,,2.17,,98.03,23.58,80.40,-4.40,2.30,3.71,não
1982,0.83,0.41,-0.09,3.15,0.42,0.92,-1.44,-1.39,-0.05,,,,,2.31,,106.33,21.90,70.40,0.60,0.80,3.71,não
1983,-2.93,2.58,-2.52,1.46,-5.51,-0.41,-5.07,0.75,-5.83,,,,,1.58,,81.55,17.88,79.60,-3.40,2.70,3.50,não
1984,5.40,4.73,3.92,5.05,0.67,1.48,3.12,2.90,0.22,,,,,1.51,,72.84,17.47,82.70,5.30,4.60,3.52,não
1985,7.85,3.66,3.04,4.41,4.19,4.81,5.58,1.85,3.73,,,,,1.62,,70.40,20.30,71.50,7.90,3.70,3.67,não
1986,7.49,3.31,3.55,3.68,4.18,3.94,5.30,1.49,3.81,,,,,1.67,,67.38,19.96,59.70,7.50,3.40,3.82,não
1987,3.53,3.75,3.35,4.91,-0.22,0.18,1.50,1.91,-0.41,,,,,1.61,,69.89,23.17,59.30,3.60,3.90,3.81,não
1988,-0.06,4.53,0.79,3.47,-4.59,-0.85,-1.95,2.69,-4.64,,,,,1.57,,69.72,24.34,69.80,0.30,4.50,3.66,não
1989,3.16,3.64,1.21,3.02,-0.48,1.95,1.28,1.84,-0.56,,,,,2.02,,93.74,26.90,68.70,3.20,3.70,3.65,não
1990,-4.35,2.71,-0.17,2.76,-7.06,-4.18,-6.04,0.93,-6.98,12633.29,28.46,112.05,3.15,1.67,,114.62,20.17,62.00,-4.20,3.20,3.36,não
1991,1.03,1.23,3.18,3.07,-0.19,-2.14,-0.69,-0.45,-0.24,12546.56,28.68,112.19,3.16,1.43,,96.27,19.77,59.60,1.00,2.50,3.32,não
1992,-0.54,2.06,2.67,4.52,-2.61,-3.22,-2.19,0.41,-2.60,12271.98,27.48,110.09,3.10,1.28,,84.46,18.93,57.40,-0.50,2.20,2.96,não
1993,4.92,1.86,4.27,5.87,3.07,0.66,3.24,0.25,2.98,12669.43,27.97,113.75,3.21,1.41,,88.81,20.85,56.10,4.70,1.90,3.05,não
1994,5.85,3.42,5.04,5.57,2.44,0.81,4.21,1.84,2.37,13202.93,28.37,117.21,3.30,1.87,,92.75,22.15,65.50,5.30,3.10,3.12,não
1995,4.22,3.18,0.95,4.53,1.05,3.28,2.63,1.64,0.99,13550.44,28.69,118.42,3.34,2.45,,101.51,17.29,64.80,4.40,3.30,3.15,não
1996,2.21,3.59,3.90,6.24,-1.38,-1.69,0.67,2.05,-1.38,13641.63,28.16,116.68,3.29,2.65,,107.07,17.27,64.90,2.20,3.90,3.10,não
1997,3.39,4.00,5.46,6.10,-0.60,-2.07,1.87,2.49,-0.62,13896.62,27.80,116.00,3.27,2.76,,109.84,17.76,66.50,3.40,4.00,3.08,não
1998,0.34,2.78,2.93,2.95,-2.44,-2.59,-1.14,1.31,-2.46,13737.70,26.61,113.55,3.20,2.72,,106.76,18.16,59.70,0.30,2.60,3.01,não
1999,0.47,3.58,0.54,3.28,-3.11,-0.07,-0.98,2.14,-3.13,13602.41,25.43,110.05,3.11,1.83,,70.97,17.39,55.30,0.50,3.60,2.92,não
2000,4.39,4.57,3.62,5.99,-0.18,0.77,2.96,3.15,-0.19,14005.35,25.44,109.58,3.09,1.93,,76.53,18.90,56.60,4.40,4.80,2.90,não
2001,1.39,2.03,0.53,3.47,-0.64,0.86,0.08,0.67,-0.59,14016.13,25.47,108.53,3.06,1.66,,63.91,18.74,55.70,1.40,2.50,2.87,não
2002,3.05,2.32,0.22,4.86,0.73,2.84,1.78,0.99,0.80,14265.90,25.73,108.86,3.07,1.45,,60.90,17.45,58.80,3.10,2.80,2.88,não
2003,1.14,3.07,2.21,5.93,-1.93,-1.07,-0.05,1.75,-1.80,14259.37,25.24,106.33,3.00,1.42,,57.58,16.86,61.20,1.10,3.80,2.81,não
2004,5.76,4.50,5.72,7.86,1.26,0.04,4.57,3.16,1.41,14911.26,25.65,107.11,3.01,1.51,,60.45,17.91,66.60,5.80,5.30,2.83,não
2005,3.20,4.06,4.09,7.53,-0.86,-0.89,2.08,2.74,-0.67,15221.01,25.53,105.87,2.97,1.86,92.90,73.46,17.20,69.90,3.20,4.70,2.79,não
2006,3.96,4.49,5.26,8.55,-0.53,-1.30,2.87,3.17,-0.30,15657.48,25.80,104.84,2.94,2.13,97.80,81.72,17.82,84.00,4.00,5.30,2.75,não
2007,6.07,4.43,5.29,9.35,1.64,0.78,5.00,3.12,1.88,16440.58,26.81,105.93,2.96,2.39,101.40,87.43,19.82,94.10,6.10,5.40,2.78,não
2008,5.09,2.09,3.69,6.28,3.00,1.41,4.09,0.81,3.29,17113.37,28.14,108.61,3.03,2.63,104.90,90.36,21.62,102.80,5.10,2.90,2.84,não
2009,-0.13,-1.33,-2.30,3.53,1.21,2.18,-1.02,-2.56,1.54,16939.44,28.85,109.59,3.04,2.73,101.70,89.17,18.80,87.00,-0.10,-0.40,2.85,não
2010,7.53,4.52,6.15,8.48,3.01,1.38,6.63,3.26,3.37,18062.16,30.21,112.53,3.11,3.30,118.50,100.00,21.80,100.00,7.50,5.30,2.92,não
2011,3.97,3.31,4.40,6.86,0.66,-0.42,3.13,2.06,1.07,18627.81,30.92,113.04,3.12,3.52,127.30,103.17,21.83,107.70,4.00,4.10,2.92,não
2012,1.92,2.75,2.65,5.80,-0.83,-0.72,1.10,1.46,-0.36,18832.22,30.80,112.20,3.08,3.24,120.40,91.99,21.42,99.40,1.90,3.40,2.89,não
2013,3.00,2.89,2.72,5.67,0.12,0.29,2.17,1.63,0.54,19241.51,31.05,112.38,3.07,3.16,117.10,86.41,21.69,92.30,3.00,3.40,2.88,não
2014,0.50,3.17,1.20,5.02,-2.66,-0.69,-0.30,1.93,-2.24,19183.17,30.44,109.60,2.98,3.06,113.20,84.59,20.55,89.10,0.50,3.60,2.79,não
2015,-3.55,3.13,0.24,4.56,-6.67,-3.79,-4.31,1.91,-6.22,18357.07,28.52,102.72,2.78,2.38,100.00,69.61,17.41,83.40,-3.50,3.40,2.61,não
2016,-3.28,2.79,-0.73,4.62,-6.07,-2.54,-4.01,1.60,-5.61,17620.93,27.10,96.64,2.61,2.33,102.40,73.24,14.97,84.40,-3.30,3.20,2.45,não
2017,1.32,3.45,1.55,5.40,-2.12,-0.23,0.59,2.28,-1.70,17724.48,26.79,94.71,2.55,2.51,108.20,79.70,14.63,86.00,1.30,3.80,2.39,não
2018,1.78,3.29,1.22,4.95,-1.50,0.56,1.09,2.18,-1.09,17917.75,26.46,93.37,2.50,2.20,106.90,71.46,15.10,83.60,1.80,3.60,2.40,não
2019,1.22,2.68,0.32,4.25,-1.46,0.90,0.56,1.61,-1.05,18018.62,26.07,92.16,2.46,2.11,107.00,70.04,15.52,82.00,1.20,3.00,2.37,não
2020,-3.28,-2.89,-6.86,-0.50,-0.39,3.58,-3.84,-3.83,-0.00,17327.52,25.71,92.11,2.45,1.71,107.70,55.63,16.12,85.90,-3.30,-2.70,2.40,não
2021,4.76,6.49,7.08,7.59,-1.72,-2.31,4.32,5.60,-1.28,18075.71,25.30,90.94,2.41,1.69,123.20,53.83,19.52,102.50,4.80,6.70,2.41,não
2022,3.02,3.44,4.09,3.54,-0.42,-1.07,2.65,2.55,0.10,18554.05,25.48,90.85,2.39,1.90,114.50,60.30,18.09,104.00,3.00,3.80,2.40,não
2023,3.24,2.86,2.21,4.57,0.38,1.03,2.83,1.91,0.92,19079.81,25.66,91.31,2.39,2.04,117.20,63.25,15.76,96.60,3.20,3.30,2.40,não
2024,3.42,2.90,2.25,4.23,0.52,1.16,3.00,1.91,1.09,19652.37,25.96,91.86,2.39,1.96,120.80,60.63,16.98,97.70,3.40,3.40,2.40,não
2025,2.29,2.92,2.32,4.21,-0.64,-0.04,1.89,1.99,-0.09,20024.70,26.03,91.38,2.37,1.93,,59.15,17.08,99.40,2.30,3.40,2.37,não
2026,,,,,,,,,,,,,,,,,,,1.90,3.10,2.35,sim
2027,,,,,,,,,,,,,,,,,,,2.00,3.20,2.32,sim
2028,,,,,,,,,,,,,,,,,,,2.40,3.20,2.30,sim
2029,,,,,,,,,,,,,,,,,,,2.50,3.20,2.29,sim
2030,,,,,,,,,,,,,,,,,,,2.50,3.10,2.27,sim
2031,,,,,,,,,,,,,,,,,,,2.50,3.10,2.26,sim
