ano,indice_geral_nominal,indice_energia_nominal,indice_nao_energia_nominal,indice_agricultura_nominal,indice_alimentos_nominal,indice_metais_minerais_nominal,indice_metais_preciosos_nominal,indice_geral_real,indice_energia_real,indice_nao_energia_real,indice_agricultura_real,indice_alimentos_real,indice_metais_minerais_real,indice_metais_preciosos_real,petroleo_brent_nominal,soja_nominal,farelo_soja_nominal,milho_nominal,cafe_arabica_nominal,acucar_nominal,carne_bovina_nominal,frango_nominal,laranja_nominal,algodao_nominal,minerio_ferro_nominal,cobre_nominal,ouro_nominal,petroleo_brent_real,soja_real,farelo_soja_real,milho_real,cafe_arabica_real,acucar_real,carne_bovina_real,frango_real,laranja_real,algodao_real,minerio_ferro_real,cobre_real,ouro_real,deflator_muv
1960,7.5,2.1,18.5,21.7,20.8,12.7,3.3,39.4,11.2,96.7,113.2,108.8,66.2,17.1,1.6,92,81,44.5,0.92,0.07,0.74,0.3,0.13,0.65,,679,35,8.5,480,423,232.5,4.82,0.35,3.85,1.57,0.68,3.42,,3546,184,19.1
1961,7.5,2.1,18.5,21.8,22,12.4,3.3,38.4,10.7,94.7,111.5,112.8,63.4,16.8,1.6,109,97,45,0.9,0.06,0.68,0.31,0.13,0.67,,633,35,8,560,497,230.4,4.59,0.3,3.49,1.6,0.68,3.44,,3244,181,19.5
1962,7.4,2,18.2,21.5,21.8,12.2,3.4,37.2,10.3,91.7,108.1,109.7,61.4,17.2,1.5,101,89,48.7,0.83,0.06,0.71,0.32,0.11,0.65,,645,35,7.6,506,448,244.7,4.19,0.31,3.59,1.61,0.54,3.27,,3245,177,19.9
1963,7.7,2,19.2,23,24.4,12.3,3.6,39.5,10.3,98.6,117.8,125.1,63,18.4,1.5,110,91,53.8,0.81,0.18,0.67,0.33,0.09,0.65,,646,35,7.7,564,466,275.5,4.13,0.94,3.41,1.68,0.48,3.31,,3310,180,19.5
1964,7.9,1.9,20.1,23,24.2,14.6,3.6,40.1,9.8,101.4,116.2,122.5,73.6,18.3,1.5,111,89,54.6,1.01,0.13,0.84,0.34,0.08,0.65,,970,35,7.3,558,450,276.1,5.1,0.64,4.25,1.71,0.42,3.29,,4901,177,19.8
1965,8,1.9,20.4,22.5,23.8,16.5,3.6,40.2,9.7,102,112.5,118.9,82.6,18.2,1.4,117,97,55.7,1,0.04,0.88,0.35,0.1,0.64,,1293,35,7.1,585,486,278.7,5.01,0.22,4.41,1.75,0.48,3.19,,6471,176,20
1966,8.3,1.9,21.2,23.3,24.6,17.4,3.6,39.8,9.1,102.2,112.7,118.7,84.1,17.6,1.4,126,107,58.3,0.93,0.04,1.02,0.36,0.08,0.62,,1532,35,6.6,607,517,281.4,4.48,0.19,4.94,1.76,0.41,3.01,,7393,170,20.7
1967,8,1.9,20.4,23.2,24.7,15.3,3.9,38.2,8.9,97.5,111.2,118.2,73.3,18.7,1.3,115,99,54.1,0.86,0.04,1.04,0.37,0.16,0.68,,1135,35,6.4,549,473,258.9,4.14,0.2,4.98,1.78,0.76,3.24,,5430,167,20.9
1968,7.8,1.9,20,22.4,23.2,16,4.7,37.8,8.9,96.3,108,111.9,77.4,22.8,1.3,111,96,48,0.87,0.04,1.09,0.38,0.17,0.68,,1242,39,6.4,535,465,231.5,4.19,0.2,5.24,1.85,0.81,3.3,,5995,188,20.7
1969,8.2,1.8,21,23.2,24.1,18,4.5,37.4,8.3,96.4,106.2,110.2,82.4,20.8,1.3,107,95,52.3,0.88,0.07,1.22,0.4,0.17,0.63,,1467,41,5.8,489,434,239.6,4.02,0.32,5.6,1.84,0.78,2.87,,6723,188,21.8
1970,8.7,2.1,22.1,24.6,26.1,18.3,4.2,37.5,9.1,95,106.2,112.4,78.7,18.2,1.2,117,103,58.4,1.15,0.08,1.3,0.42,0.17,0.68,,1416,36,5.2,504,442,251.6,4.94,0.35,5.62,1.81,0.72,2.91,,6098,155,23.2
1971,8.9,2.7,21.6,24.6,26.6,16.8,4.3,36.6,11.1,88.4,100.9,109,68.8,17.6,1.7,126,102,58.4,0.99,0.1,1.35,0.44,0.15,0.78,,1081,41,6.9,514,419,239.2,4.06,0.41,5.51,1.8,0.63,3.21,,4429,167,24.4
1972,9.4,2.9,22.5,26.1,28.6,16.5,5.5,35.3,11,84.6,98,107.2,61.8,20.8,1.8,140,130,55.8,1.11,0.16,1.48,0.47,0.15,0.83,,1058,58,6.8,526,487,209.3,4.17,0.6,5.56,1.77,0.58,3.11,,3971,218,26.6
1973,14.4,4.2,35.2,42.7,50,21.5,8.9,46.7,13.5,113.9,138.2,162,69.6,28.8,2.8,290,302,97.8,1.37,0.21,2.01,0.53,0.16,1.39,,1785,97,9.1,940,977,316.7,4.45,0.68,6.51,1.71,0.53,4.5,,5780,315,30.9
1974,24.9,13.8,47.4,56.2,68.6,26.7,14.9,66.1,36.7,125.9,149.3,182.3,71,39.6,11,277,184,131.2,1.45,0.65,1.58,0.56,0.18,1.46,,2059,159,29.2,736,490,348.6,3.86,1.74,4.2,1.48,0.49,3.88,,5469,423,37.6
1975,22,13.8,38.6,45.4,52.9,23.3,14.7,52.7,33.1,92.4,108.5,126.7,55.8,35.2,10.4,220,155,119.6,1.44,0.45,1.33,0.58,0.23,1.22,,1235,161,25,526,371,286.2,3.45,1.08,3.17,1.39,0.55,2.93,,2954,385,41.8
1976,23.6,15.4,40.2,48.3,47.6,25.3,12.3,55.7,36.3,95.1,114.1,112.5,59.9,29.2,11.6,231,200,112.4,3.15,0.25,1.58,0.61,0.22,1.75,,1401,125,27.5,546,473,265.6,7.44,0.6,3.74,1.44,0.51,4.13,,3310,295,42.3
1977,26.7,16.8,46.7,56.3,49.3,28.3,14.1,58.4,36.8,102.2,123.1,107.9,61.9,30.7,12.6,280,230,95.4,5.17,0.18,1.51,0.65,0.25,1.63,,1309,148,27.5,612,502,208.5,11.3,0.39,3.29,1.42,0.56,3.56,,2861,323,45.7
1978,27.4,17.7,47.1,55.9,54.5,30.7,17.9,51.6,33.2,88.7,105.2,102.5,57.8,33.7,12.9,268,213,100.7,3.59,0.17,2.14,0.7,0.3,1.61,,1365,193,24.3,505,401,189.5,6.75,0.32,4.02,1.31,0.56,3.02,,2568,364,53.2
1979,44.3,39,54.8,63.3,61.7,39.1,30.8,74.6,65.8,92.5,106.8,104,65.9,52,32.1,298,243,115.5,3.83,0.21,2.88,0.74,0.4,1.71,,1985,307,54.2,502,410,194.8,6.45,0.36,4.86,1.25,0.67,2.88,,3348,517,59.3
1980,51.2,46.8,60,68.8,71,42.9,59.5,78.4,71.7,92,105.4,108.8,65.7,91.3,37.9,296,262,125.3,3.47,0.63,2.76,0.76,0.4,2.06,,2182,608,58.1,454,402,192,5.31,0.97,4.23,1.16,0.61,3.16,,3346,932,65.2
1981,48.7,46.9,52.5,61.7,66,33.9,40,74.6,71.8,80.4,94.5,101.1,51.9,61.3,36.7,288,253,130.8,2.87,0.37,2.47,0.77,0.41,1.87,,1742,460,56.2,442,387,200.3,4.39,0.57,3.79,1.19,0.62,2.87,,2668,704,65.3
1982,44.2,44,44.6,52.7,52.8,28.9,32,69.8,69.5,70.4,83.1,83.3,45.6,50.5,33.4,245,219,109.3,3.09,0.19,2.39,0.76,0.38,1.6,,1480,376,52.7,386,345,172.5,4.87,0.29,3.77,1.2,0.61,2.52,,2337,593,63.4
1983,42.6,39.3,49.1,57.1,57.5,34.4,38.4,69,63.8,79.6,92.6,93.2,55.8,62.3,29.8,282,238,136,2.91,0.19,2.44,0.77,0.37,1.85,,1592,423,48.4,457,386,220.5,4.72,0.3,3.96,1.25,0.61,3.01,,2581,685,61.7
1984,41.8,37.8,49.9,59.8,58.9,30.9,31.3,69.3,62.7,82.7,99.1,97.6,51.2,51.9,28.8,282,197,135.9,3.19,0.11,2.27,0.87,0.35,1.78,,1377,360,47.8,468,327,225.4,5.29,0.19,3.77,1.45,0.58,2.96,,2283,598,60.3
1985,38.3,36.1,42.7,50.2,48.6,28.2,26.5,64.2,60.6,71.5,84.1,81.4,47.3,44.5,27.3,224,157,112.2,3.23,0.09,2.15,0.84,0.4,1.32,,1417,318,45.8,376,263,188,5.41,0.15,3.61,1.4,0.67,2.21,,2375,533,59.7
1986,28.2,21.9,41,47.9,42.6,28.3,29.4,41,31.8,59.7,69.8,62,41.3,42.8,14.8,208,185,87.6,4.29,0.13,2.09,0.93,0.39,1.06,,1374,368,21.5,304,269,127.5,6.25,0.19,3.05,1.35,0.57,1.54,,2001,536,68.7
1987,31.2,24.5,44.6,49.6,45.5,36.1,36.1,41.4,32.6,59.3,65.9,60.4,47.9,48,18.3,216,203,75.7,2.5,0.15,2.39,0.91,0.46,1.65,,1783,446,24.4,287,270,100.6,3.33,0.2,3.17,1.21,0.61,2.19,,2369,593,75.2
1988,32.7,21.2,55.9,56.8,57.9,56.4,35,40.8,26.5,69.8,70.9,72.3,70.4,43.7,15,304,268,106.9,3.03,0.22,2.52,1,0.45,1.4,,2602,437,18.7,379,334,133.4,3.79,0.28,3.14,1.25,0.57,1.75,,3247,546,80.1
1989,34.6,24.7,54.7,57.4,58.7,51.6,30.4,43.4,31,68.7,72.1,73.7,64.8,38.2,18.2,275,248,111.5,2.39,0.28,2.57,1.1,0.45,1.67,,2848,381,22.9,345,311,140,3,0.35,3.23,1.38,0.56,2.1,,3577,479,79.6
1990,37.7,30.9,51.3,55.1,54.7,45.3,29.9,45.5,37.4,62,66.6,66.1,54.8,36.1,23.7,247,200,109.3,1.97,0.28,2.56,1.08,0.53,1.82,,2661,383,28.6,298,242,132.2,2.39,0.33,3.1,1.31,0.64,2.2,,3219,464,82.7
1991,34.2,27,48.8,54.3,54.1,38.6,27.6,41.8,33,59.6,66.3,66,47.1,33.7,20.1,240,197,107.4,1.87,0.2,2.66,1.06,0.52,1.68,,2339,362,24.5,292,241,131.1,2.29,0.24,3.25,1.29,0.64,2.05,,2855,442,81.9
1992,33.4,26.2,47.9,53.7,53.9,37.3,26.3,40,31.4,57.4,64.4,64.6,44.7,31.5,19.3,236,204,104.2,1.41,0.2,2.45,1.06,0.49,1.28,,2281,344,23.1,282,245,124.9,1.69,0.24,2.94,1.27,0.59,1.53,,2734,412,83.4
1993,32,23.9,48.4,57.3,54.1,32.1,27.7,37.1,27.7,56.1,66.4,62.7,37.2,32,17,255,208,102.1,1.56,0.22,2.62,1.21,0.43,1.28,,1913,360,19.7,296,241,118.3,1.81,0.26,3.03,1.4,0.5,1.48,,2216,417,86.3
1994,33.1,22.3,54.9,64,58.1,38.6,30.2,39.5,26.7,65.5,76.5,69.4,46.1,36,15.8,252,192,107.6,3.31,0.27,2.33,1.22,0.41,1.76,,2307,384,18.9,301,230,128.4,3.95,0.32,2.79,1.46,0.49,2.11,,2756,459,83.7
1995,35.7,23.9,59.6,66.9,63,47,30.2,38.8,26,64.8,72.7,68.5,51.1,32.8,17.1,259,197,123.5,3.33,0.29,1.87,1.22,0.53,2.13,,2936,384,18.6,282,214,134.3,3.63,0.32,2.03,1.33,0.58,2.31,,3194,418,91.9
1996,38.8,29,58.5,68.3,68,40.1,30.3,43,32.2,64.9,75.7,75.4,44.4,33.6,20.7,305,268,165.8,2.69,0.26,1.75,1.37,0.49,1.77,,2295,388,22.9,338,297,183.9,2.99,0.29,1.94,1.52,0.55,1.97,,2545,430,90.2
1997,36.9,26.9,57.1,65.9,62.8,41.3,26.4,42.9,31.3,66.5,76.6,73.1,48.1,30.8,19.1,295,276,117.1,4.17,0.25,1.85,1.34,0.46,1.75,,2277,331,22.2,344,321,136.3,4.85,0.29,2.15,1.56,0.53,2.03,,2650,385,85.9
1998,29,19.1,49,57.3,57.3,33.8,24.7,35.2,23.2,59.7,69.8,69.7,41.1,30,12.7,243,170,102,2.98,0.2,1.72,1.39,0.44,1.44,,1654,294,15.5,296,207,124.1,3.63,0.24,2.09,1.69,0.54,1.76,,2013,358,82.2
1999,31.1,24.4,44.6,50.6,48.1,33.5,23.4,38.6,30.3,55.3,62.8,59.7,41.6,29,17.8,202,165,90.2,2.29,0.14,1.81,1.32,0.44,1.17,,1573,279,22.1,250,205,111.9,2.84,0.17,2.25,1.64,0.54,1.45,,1952,346,80.6
2000,41.1,39.2,45.1,48.9,46.9,38.2,23.5,51.7,49.3,56.6,61.4,58.9,48.1,29.5,28.3,212,204,88.5,1.92,0.18,1.93,1.31,0.36,1.3,,1813,279,35.5,266,256,111.3,2.41,0.23,2.42,1.65,0.46,1.64,,2279,351,79.6
2001,37.5,35,42.6,47.1,48.7,34.4,22.4,49,45.8,55.7,61.5,63.6,44.9,29.3,24.4,196,205,89.6,1.37,0.19,2.11,1.4,0.6,1.06,,1578,271,31.9,256,267,117.1,1.79,0.25,2.75,1.83,0.78,1.38,,2061,354,76.6
2002,37.5,34,44.5,50.6,51.8,33.1,25.1,49.5,44.9,58.8,66.9,68.4,43.7,33.2,25,213,196,99.3,1.36,0.15,2.11,1.39,0.56,1.02,,1559,310,33,281,259,131.2,1.79,0.2,2.79,1.84,0.75,1.35,,2061,410,75.7
2003,43.8,41.4,48.8,54.9,56.2,36.8,29.1,55,52,61.2,69,70.6,46.3,36.5,28.9,264,233,105.4,1.42,0.16,2.13,1.46,0.68,1.4,,1779,364,36.2,332,292,132.3,1.78,0.2,2.67,1.83,0.86,1.76,,2235,457,79.6
2004,54.5,53.4,56.6,60.5,63.6,49.3,34,64.1,62.9,66.6,71.2,74.8,58,39.9,38.3,307,260,111.8,1.77,0.16,2.67,1.67,0.86,1.37,,2866,409,45,360,306,131.5,2.09,0.19,3.14,1.96,1.01,1.61,,3370,481,85
2005,70.7,75.4,61.3,62,62.5,60.1,36.9,80.7,86,69.9,70.7,71.2,68.5,42.1,54.4,275,237,98.7,2.53,0.22,2.73,1.63,0.87,1.22,,3679,445,62.1,313,270,112.5,2.89,0.25,3.12,1.86,1,1.39,,4195,507,87.7
2006,82.2,85.4,75.6,68.4,67.7,91.9,51.6,91.4,95,84,76,75.3,102.2,57.3,65.4,269,227,121.9,2.52,0.33,2.65,1.53,0.83,1.27,,6722,604,72.7,299,253,135.5,2.8,0.36,2.95,1.7,0.92,1.41,,7475,672,89.9
2007,92.9,94.4,89.8,81.3,83.9,108.1,59.5,97.3,98.9,94.1,85.1,87.9,113.3,62.3,72.7,383,322,163.7,2.72,0.22,2.7,1.72,0.96,1.4,,7118,697,76.2,401,337,171.5,2.85,0.23,2.82,1.81,1,1.46,,7459,730,95.4
2008,121.4,129,105.7,102.8,112,102.2,72.7,118,125.5,102.8,99.9,108.9,99.4,70.7,97.6,522,442,223.1,3.08,0.28,3.24,1.87,1.11,1.57,,6956,872,94.9,508,430,217,3,0.27,3.15,1.81,1.08,1.53,,6764,848,102.8
2009,80.9,79.4,83.9,89.5,93,68.4,78,83.8,82.3,87,92.8,96.4,70.9,80.9,61.9,424,424,165.5,3.17,0.4,2.73,1.89,0.91,1.38,80,5150,973,64.1,439,439,171.6,3.29,0.41,2.83,1.96,0.94,1.43,82.9,5339,1009,96.5
2010,100,100,100,100,100,100,100,100,100,100,100,100,100,100,79.6,447,398,185.9,4.32,0.47,3.42,1.89,1.03,2.28,145.9,7535,1225,79.6,447,398,185.9,4.32,0.47,3.42,1.89,1.03,2.28,145.9,7535,1225,100
2011,130.1,135.2,119.6,121.5,122.5,113.5,136.3,117.1,121.8,107.7,109.5,110.3,102.2,122.7,110.9,538,409,291.7,5.98,0.57,4.08,1.93,0.89,3.33,167.8,8828,1569,99.9,484,368,262.7,5.38,0.52,3.67,1.73,0.8,3,151.1,7950,1413,111
2012,126,134.1,109.5,114.3,124.2,96.1,138.5,114.3,121.7,99.4,103.7,112.7,87.2,125.6,112,596,532,298.4,4.11,0.47,4.21,2.08,0.87,1.97,128.5,7962,1670,101.6,540,482,270.7,3.73,0.43,3.82,1.89,0.79,1.78,116.6,7223,1515,110.2
2013,121.6,131.7,101.3,105.7,114.6,90.8,115.1,110.8,120,92.3,96.3,104.5,82.7,104.9,108.9,551,543,259.4,3.08,0.39,4.13,2.17,0.97,1.99,135.4,7332,1411,99.2,502,495,236.3,2.8,0.36,3.76,1.98,0.88,1.82,123.3,6681,1286,109.8
2014,112.5,120.4,96.5,101.9,106,84.8,101.1,103.9,111.2,89.1,94.1,98,78.3,93.4,98.9,485,522,192.9,4.42,0.37,5.05,2.32,0.78,1.83,97,6863,1266,91.4,448,483,178.2,4.09,0.35,4.67,2.15,0.72,1.69,89.6,6340,1169,108.3
2015,71.2,66.1,81.6,87.9,88.5,66.9,90.6,72.7,67.5,83.4,89.8,90.4,68.4,92.6,52.4,392,389,169.8,3.53,0.3,4.56,1.99,0.68,1.55,55.9,5510,1161,53.5,401,398,173.4,3.6,0.3,4.66,2.03,0.69,1.59,57.1,5630,1186,97.9
2016,63.7,56,79.4,87.4,89.6,63,97.5,67.7,59.6,84.4,93,95.3,67,103.6,44,405,375,159.2,3.61,0.4,4.06,1.85,0.89,1.64,58.4,4868,1249,46.8,431,398,169.3,3.84,0.42,4.32,1.97,0.95,1.74,62.1,5177,1328,94
2017,74,69.4,83.7,86.9,90.2,78.2,97.8,76.1,71.3,86,89.3,92.7,80.4,100.6,54.4,393,350,154.5,3.32,0.35,4.39,2.12,0.81,1.84,71.8,6170,1258,55.9,404,360,158.8,3.42,0.36,4.51,2.18,0.83,1.89,73.8,6342,1293,97.3
2018,88,89.4,85.1,86.6,90.4,82.5,97.2,86.4,87.7,83.6,85,88.8,81,95.4,71.1,394,405,164.4,2.93,0.28,4.2,2.24,0.79,2.01,69.8,6530,1269,69.8,387,398,161.4,2.87,0.27,4.12,2.2,0.78,1.98,68.5,6411,1246,101.9
2019,79.3,78.3,81.6,83.1,87,78.4,105.4,79.8,78.7,82,83.6,87.4,78.8,106,64,369,347,170.1,2.88,0.28,4.76,2,0.56,1.72,93.8,6010,1392,64.4,371,349,171,2.89,0.28,4.79,2.01,0.56,1.73,94.3,6042,1400,99.5
2020,63.1,52.7,84.1,87.1,93.1,79.1,133.5,64.4,53.8,85.9,88.9,95.1,80.8,136.4,42.3,407,394,165.5,3.32,0.28,4.67,1.63,0.6,1.59,108.9,6174,1770,43.2,415,403,169,3.39,0.29,4.77,1.67,0.62,1.62,111.3,6306,1808,97.9
2021,100.9,95.4,112.1,107.7,120.9,116.4,140.2,92.2,87.2,102.5,98.5,110.5,106.4,128.1,70.4,583,481,259.5,4.51,0.39,5.34,1.99,0.65,2.23,161.7,9317,1800,64.4,533,440,237.2,4.12,0.36,4.88,1.82,0.6,2.04,147.8,8516,1645,109.4
2022,142.5,152.6,122.1,119.3,138.1,115,136.8,121.3,129.9,104,101.6,117.6,97.9,116.5,99.8,675,548,318.8,5.63,0.41,5.62,1.68,0.92,2.86,121.3,8822,1801,85,575,466,271.4,4.79,0.35,4.79,1.43,0.78,2.44,103.3,7512,1533,117.5
2023,108,107,110.2,110.9,125.4,104,147.3,94.7,93.7,96.6,97.2,109.9,91.1,129.1,82.6,598,541,252.7,4.54,0.52,4.9,1.53,1.57,2.09,120.6,8490,1943,72.4,524,475,221.4,3.98,0.45,4.3,1.34,1.38,1.84,105.7,7441,1703,114.1
2024,105.1,101.5,112.5,115,115.8,106.7,180.2,91.3,88.2,97.7,99.9,100.7,92.7,156.5,80.7,462,442,190.6,5.62,0.45,5.93,1.46,2.26,1.91,109.4,9142,2388,70.1,402,384,165.6,4.88,0.39,5.15,1.27,1.96,1.66,95,7943,2074,115.1
2025,98.4,90,115.4,115.7,109.2,112.2,258.6,84.8,77.5,99.4,99.7,94.1,96.6,222.7,69,414,366,203.2,8.47,0.37,6.86,1.71,1.42,1.71,100.2,9947,3442,59.5,357,315,175,7.29,0.32,5.91,1.48,1.22,1.47,86.3,8568,2964,116.1
