arquivo,fonte,codigo,indicador,unidade,nome_original,atualizacao,cobertura_brasil,nota
banco_mundial.csv,"Banco Mundial, World Development Indicators",NY.GDP.MKTP.KD.ZG,Crescimento do PIB real,% ao ano,GDP growth (annual %),2026-10-08,1961–2025,
banco_mundial.csv,"Banco Mundial, World Development Indicators",NY.GDP.PCAP.KD.ZG,Crescimento do PIB real por habitante,% ao ano,GDP per capita growth (annual %),2026-10-08,1961–2025,
banco_mundial.csv,"Banco Mundial, World Development Indicators",NY.GDP.MKTP.KD,PIB a preços constantes,US$ de 2015,GDP (constant 2015 US$),2026-10-08,1960–2025,
banco_mundial.csv,"Banco Mundial, World Development Indicators",NY.GDP.MKTP.CD,PIB a preços correntes,US$ correntes,GDP (current US$),2026-10-08,1960–2025,
banco_mundial.csv,"Banco Mundial, World Development Indicators",NY.GDP.MKTP.PP.KD,PIB em paridade de poder de compra,dólares internacionais constantes de 2021,"GDP, PPP (constant 2021 international $)",2026-10-08,1990–2025,
banco_mundial.csv,"Banco Mundial, World Development Indicators",NY.GDP.PCAP.PP.KD,PIB por habitante em paridade de poder de compra,dólares internacionais constantes de 2021,"GDP per capita, PPP (constant 2021 international $)",2026-10-08,1990–2025,
banco_mundial.csv,"Banco Mundial, World Development Indicators",NY.GDP.PCAP.CD,PIB por habitante a preços correntes,US$ correntes,GDP per capita (current US$),2026-10-08,1960–2025,
banco_mundial.csv,"Banco Mundial, World Development Indicators",SP.POP.TOTL,População,pessoas,"Population, total",2026-10-08,1960–2025,
banco_mundial.csv,"Banco Mundial, World Development Indicators",TT.PRI.MRCH.XD.WD,Termos de troca de mercadorias,"índice, 2015 = 100",Net barter terms of trade index (2015 = 100),2026-10-08,2005–2024,
banco_mundial.csv,"Banco Mundial, World Development Indicators",PX.REX.REER,Câmbio real efetivo,"índice, 2010 = 100; alta = moeda mais valorizada",Real effective exchange rate index (2010 = 100),2026-10-08,1980–2025,
banco_mundial.csv,"Banco Mundial, World Development Indicators",NE.GDI.TOTL.ZS,Investimento (formação bruta de capital),% do PIB,Gross capital formation (% of GDP),2026-10-08,1960–2025,
banco_mundial.csv,"Banco Mundial, World Development Indicators",NE.TRD.GNFS.ZS,Comércio exterior (exportações + importações),% do PIB,Trade (% of GDP),2026-10-08,1960–2025,
banco_mundial.csv,"Banco Mundial, World Development Indicators",FP.CPI.TOTL.ZG,Inflação ao consumidor,% ao ano,"Inflation, consumer prices (annual %)",2026-10-08,1981–2025,
banco_mundial.csv,"Banco Mundial, World Development Indicators",SL.UEM.TOTL.ZS,Desemprego (estimativa modelada da OIT),% da força de trabalho,"Unemployment, total (% of total labor force) (modeled ILO estimate)",2026-10-08,1991–2025,
banco_mundial.csv,"Banco Mundial, World Development Indicators",SI.POV.GINI,Índice de Gini,0 a 100,Gini index,2026-10-08,1981–2024,
fmi_weo.csv,"FMI, World Economic Outlook (abril de 2026), via DataMapper",NGDP_RPCH,Crescimento do PIB real,% ao ano,,abril de 2026,1980–2031,Anos a partir de 2026 são projeções do FMI.
fmi_weo.csv,"FMI, World Economic Outlook (abril de 2026), via DataMapper",NGDPD,PIB a preços correntes,US$ bilhões,,abril de 2026,1980–2031,Anos a partir de 2026 são projeções do FMI.
fmi_weo.csv,"FMI, World Economic Outlook (abril de 2026), via DataMapper",NGDPDPC,PIB por habitante a preços correntes,US$,,abril de 2026,1980–2031,Anos a partir de 2026 são projeções do FMI.
fmi_weo.csv,"FMI, World Economic Outlook (abril de 2026), via DataMapper",PPPPC,PIB por habitante em paridade de poder de compra,dólares internacionais correntes,,abril de 2026,1980–2031,Anos a partir de 2026 são projeções do FMI.
fmi_weo.csv,"FMI, World Economic Outlook (abril de 2026), via DataMapper",PPPSH,Participação no PIB mundial em paridade de poder de compra,% do mundo,,abril de 2026,1980–2031,Anos a partir de 2026 são projeções do FMI.
fmi_weo.csv,"FMI, World Economic Outlook (abril de 2026), via DataMapper",PCPIPCH,"Inflação ao consumidor, média do ano",% ao ano,,abril de 2026,1980–2031,Anos a partir de 2026 são projeções do FMI.
fmi_weo.csv,"FMI, World Economic Outlook (abril de 2026), via DataMapper",LUR,Taxa de desemprego,% da força de trabalho,,abril de 2026,1991–2031,Anos a partir de 2026 são projeções do FMI.
fmi_weo.csv,"FMI, World Economic Outlook (abril de 2026), via DataMapper",BCA_NGDPD,Saldo em conta corrente,% do PIB,,abril de 2026,1980–2031,Anos a partir de 2026 são projeções do FMI.
fmi_weo.csv,"FMI, World Economic Outlook (abril de 2026), via DataMapper",GGXWDG_NGDP,Dívida bruta do governo geral,% do PIB,,abril de 2026,2000–2031,Anos a partir de 2026 são projeções do FMI.
fmi_weo.csv,"FMI, World Economic Outlook (abril de 2026), via DataMapper",GGXCNL_NGDP,Resultado nominal do governo geral,% do PIB,,abril de 2026,2001–2031,Anos a partir de 2026 são projeções do FMI.
commodities.csv,"Banco Mundial, Commodity Price Data (Pink Sheet), atualizado em 2 de setembro de 2026",indice_geral_nominal / indice_geral_real,Índice de preços: World Bank  Commodity  Price Index,2010 = 100; real = deflacionado pelo índice MUV,World Bank  Commodity  Price Index,2 de setembro de 2026,1960–2025,
commodities.csv,"Banco Mundial, Commodity Price Data (Pink Sheet), atualizado em 2 de setembro de 2026",indice_energia_nominal / indice_energia_real,Índice de preços: Energy,2010 = 100; real = deflacionado pelo índice MUV,Energy,2 de setembro de 2026,1960–2025,"Conferido com os índices do FMI: correlação de 0,91 a 0,99 nas variações anuais (1993–2025)."
commodities.csv,"Banco Mundial, Commodity Price Data (Pink Sheet), atualizado em 2 de setembro de 2026",indice_nao_energia_nominal / indice_nao_energia_real,Índice de preços: Non-energy,2010 = 100; real = deflacionado pelo índice MUV,Non-energy,2 de setembro de 2026,1960–2025,"Conferido com os índices do FMI: correlação de 0,91 a 0,99 nas variações anuais (1993–2025)."
commodities.csv,"Banco Mundial, Commodity Price Data (Pink Sheet), atualizado em 2 de setembro de 2026",indice_agricultura_nominal / indice_agricultura_real,Índice de preços: Agriculture,2010 = 100; real = deflacionado pelo índice MUV,Agriculture,2 de setembro de 2026,1960–2025,"Conferido com os índices do FMI: correlação de 0,91 a 0,99 nas variações anuais (1993–2025)."
commodities.csv,"Banco Mundial, Commodity Price Data (Pink Sheet), atualizado em 2 de setembro de 2026",indice_alimentos_nominal / indice_alimentos_real,Índice de preços: Food,2010 = 100; real = deflacionado pelo índice MUV,Food,2 de setembro de 2026,1960–2025,"Conferido com os índices do FMI: correlação de 0,91 a 0,99 nas variações anuais (1993–2025)."
commodities.csv,"Banco Mundial, Commodity Price Data (Pink Sheet), atualizado em 2 de setembro de 2026",indice_metais_minerais_nominal / indice_metais_minerais_real,Índice de preços: Metals  & Minerals,2010 = 100; real = deflacionado pelo índice MUV,Metals  & Minerals,2 de setembro de 2026,1960–2025,"Conferido com os índices do FMI: correlação de 0,91 a 0,99 nas variações anuais (1993–2025)."
commodities.csv,"Banco Mundial, Commodity Price Data (Pink Sheet), atualizado em 2 de setembro de 2026",indice_metais_preciosos_nominal / indice_metais_preciosos_real,Índice de preços: Precious Metals,2010 = 100; real = deflacionado pelo índice MUV,Precious Metals,2 de setembro de 2026,1960–2025,"Conferido com os índices do FMI: correlação de 0,91 a 0,99 nas variações anuais (1993–2025)."
commodities.csv,"Banco Mundial, Commodity Price Data (Pink Sheet), atualizado em 2 de setembro de 2026",petroleo_brent_nominal / petroleo_brent_real,"Preço: Crude oil, Brent",US$/barril; real = dólares de 2010,"Crude oil, Brent ($/bbl)",2 de setembro de 2026,1960–2025,
commodities.csv,"Banco Mundial, Commodity Price Data (Pink Sheet), atualizado em 2 de setembro de 2026",soja_nominal / soja_real,Preço: Soybeans,US$/tonelada; real = dólares de 2010,Soybeans ($/mt),2 de setembro de 2026,1960–2025,"Soja dos EUA, CIF Roterdã. Difere da cotação de Chicago usada pelo FMI (diferença mediana de 13% em 1992–2025)."
commodities.csv,"Banco Mundial, Commodity Price Data (Pink Sheet), atualizado em 2 de setembro de 2026",farelo_soja_nominal / farelo_soja_real,Preço: Soybean meal,US$/tonelada; real = dólares de 2010,Soybean meal ($/mt),2 de setembro de 2026,1960–2025,
commodities.csv,"Banco Mundial, Commodity Price Data (Pink Sheet), atualizado em 2 de setembro de 2026",milho_nominal / milho_real,Preço: Maize,US$/tonelada; real = dólares de 2010,Maize ($/mt),2 de setembro de 2026,1960–2025,
commodities.csv,"Banco Mundial, Commodity Price Data (Pink Sheet), atualizado em 2 de setembro de 2026",cafe_arabica_nominal / cafe_arabica_real,"Preço: Coffee, Arabica",US$/kg; real = dólares de 2010,"Coffee, Arabica ($/kg)",2 de setembro de 2026,1960–2025,"Conferido com o FMI: diferença mediana de 0,1%."
commodities.csv,"Banco Mundial, Commodity Price Data (Pink Sheet), atualizado em 2 de setembro de 2026",acucar_nominal / acucar_real,"Preço: Sugar, world",US$/kg; real = dólares de 2010,"Sugar, world ($/kg)",2 de setembro de 2026,1960–2025,"Conferido com o FMI: diferença mediana de 1,4% (arredondamento)."
commodities.csv,"Banco Mundial, Commodity Price Data (Pink Sheet), atualizado em 2 de setembro de 2026",carne_bovina_nominal / carne_bovina_real,Preço: Beef,US$/kg; real = dólares de 2010,Beef ($/kg),2 de setembro de 2026,1960–2025,
commodities.csv,"Banco Mundial, Commodity Price Data (Pink Sheet), atualizado em 2 de setembro de 2026",frango_nominal / frango_real,Preço: Chicken,US$/kg; real = dólares de 2010,Chicken ($/kg),2 de setembro de 2026,1960–2025,
commodities.csv,"Banco Mundial, Commodity Price Data (Pink Sheet), atualizado em 2 de setembro de 2026",laranja_nominal / laranja_real,Preço: Orange,US$/kg; real = dólares de 2010,Orange ($/kg),2 de setembro de 2026,1960–2025,
commodities.csv,"Banco Mundial, Commodity Price Data (Pink Sheet), atualizado em 2 de setembro de 2026",algodao_nominal / algodao_real,"Preço: Cotton, A Index",US$/kg; real = dólares de 2010,"Cotton, A Index ($/kg)",2 de setembro de 2026,1960–2025,
commodities.csv,"Banco Mundial, Commodity Price Data (Pink Sheet), atualizado em 2 de setembro de 2026",minerio_ferro_nominal / minerio_ferro_real,"Preço: Iron ore, cfr spot",US$/tonelada seca; real = dólares de 2010,"Iron ore, cfr spot ($/dmtu)",2 de setembro de 2026,2009–2025,"Só a partir de 2009. Antes disso a planilha diverge do FMI (até 3 vezes), por mudança de método (preço de contrato x preço à vista); os anos anteriores foram omitidos."
commodities.csv,"Banco Mundial, Commodity Price Data (Pink Sheet), atualizado em 2 de setembro de 2026",cobre_nominal / cobre_real,Preço: Copper,US$/tonelada; real = dólares de 2010,Copper ($/mt),2 de setembro de 2026,1960–2025,"Conferido com o FMI: diferença mediana de 0,05%."
commodities.csv,"Banco Mundial, Commodity Price Data (Pink Sheet), atualizado em 2 de setembro de 2026",ouro_nominal / ouro_real,Preço: Gold,US$/onça troy; real = dólares de 2010,Gold ($/troy oz),2 de setembro de 2026,1960–2025,
commodities.csv,"Banco Mundial, Commodity Price Data (Pink Sheet), atualizado em 2 de setembro de 2026",deflator_muv,Índice MUV (valor unitário das exportações de manufaturados),2010 = 100,MUV Index,2 de setembro de 2026,1960–2025,Usado para converter preços nominais em reais.
brasil_no_mundo.csv,"Cálculo próprio sobre banco_mundial.csv, fmi_weo.csv e commodities.csv",(várias),Tabela-resumo por ano: Brasil contra mundo e América Latina,ver nomes das colunas,,,1960–2031,"diferenca_* = Brasil menos a referência, em pontos percentuais. pib_pc_ppc_pct_eua = PIB por habitante do Brasil em PPC como % do dos EUA. participacao_* = PIB do Brasil / PIB mundial. Colunas *_fmi vêm do WEO de abril de 2026; fmi_projecao = sim a partir de 2026. O crescimento mundial do FMI pondera os países pela PPC e costuma ficar acima do do Banco Mundial, que pondera pelo câmbio de mercado: compare cada fonte só com ela mesma."
