ano,pct_eua_bra,pct_eua_arg,pct_eua_chl,pct_eua_col,pct_eua_mex,pct_eua_per,pct_eua_kor,pct_eua_chn,pct_eua_ind,pct_eua_zaf,pct_eua_wld,pct_eua_lcn
1990,28.46,38.32,24.68,22.53,38.68,14.23,32.39,3.76,4.82,24.36,25.40,28.00
1991,28.68,41.82,26.54,22.85,40.03,14.45,36.08,4.11,4.84,23.91,25.56,28.81
1992,27.48,43.61,28.52,22.83,39.84,13.79,37.20,4.55,4.89,22.51,24.96,28.51
1993,27.97,45.90,29.54,23.26,39.68,14.03,38.85,5.05,4.95,22.03,24.59,28.93
1994,28.37,46.65,29.76,23.48,39.58,15.03,40.93,5.49,5.03,21.77,24.20,29.16
1995,28.69,44.08,31.57,23.88,36.06,15.61,43.83,5.95,5.23,21.85,24.23,28.51
1996,28.16,44.79,32.51,23.33,36.70,15.35,45.70,6.31,5.37,21.93,24.14,28.43
1997,27.80,46.35,33.38,22.97,37.48,15.55,46.63,6.61,5.31,21.54,23.96,28.60
1998,26.61,46.07,33.24,21.97,37.91,14.73,42.61,6.84,5.36,20.71,23.43,28.09
1999,25.43,42.47,31.60,19.97,37.01,14.18,45.59,7.06,5.52,20.25,23.11,26.86
2000,25.44,40.48,31.85,19.64,37.19,13.93,47.97,7.39,5.47,20.32,23.22,26.64
2001,25.47,38.29,32.48,19.67,36.49,13.83,49.87,7.95,5.63,20.70,23.47,26.38
2002,25.73,33.50,32.91,19.71,35.61,14.30,53.02,8.56,5.69,21.10,23.64,25.97
2003,25.24,35.40,33.46,19.79,34.87,14.46,53.34,9.19,5.92,21.10,23.73,25.78
2004,25.65,37.14,34.34,19.97,34.62,14.61,54.32,9.78,6.11,21.23,23.94,26.08
2005,25.53,39.02,35.10,20.13,34.02,15.01,55.17,10.57,6.32,21.58,24.12,26.11
2006,25.80,40.99,36.21,20.82,34.55,15.73,56.74,11.63,6.61,22.15,24.61,26.65
2007,26.81,43.79,37.32,21.72,34.42,16.77,59.13,13.07,6.94,22.86,25.31,27.43
2008,28.14,45.49,38.67,22.35,34.52,18.34,60.95,14.38,7.11,23.51,25.91,28.36
2009,28.85,43.85,39.20,23.14,33.01,19.08,63.31,16.21,7.83,23.69,26.32,28.38
2010,30.21,46.92,40.34,23.47,33.54,20.16,66.18,17.52,8.22,23.69,26.84,29.35
2011,30.92,48.84,42.11,24.65,33.95,21.12,67.58,18.93,8.46,23.96,27.35,30.12
2012,30.80,47.15,43.63,24.99,34.18,21.91,67.94,19.98,8.67,23.82,27.45,30.15
2013,31.05,47.17,44.05,25.68,33.58,22.67,68.92,21.11,8.98,23.69,27.63,30.29
2014,30.44,44.74,43.65,26.15,33.43,22.60,69.51,22.16,9.37,23.23,27.77,29.91
2015,28.52,44.54,43.22,26.13,33.26,22.59,69.68,23.08,9.79,22.59,27.76,29.15
2016,27.10,42.76,43.01,26.15,33.18,22.94,70.88,24.26,10.37,22.30,28.04,28.53
2017,26.79,42.83,42.17,25.67,32.91,22.77,71.85,25.33,10.76,22.03,28.29,28.33
2018,26.46,40.41,42.08,25.25,32.48,22.71,72.10,26.29,11.06,21.49,28.33,27.90
2019,26.07,38.53,40.84,25.08,31.40,22.37,72.03,27.23,11.14,20.76,28.29,27.32
2020,25.71,35.42,38.96,23.53,29.27,20.19,73.25,28.51,10.66,19.66,27.91,25.97
2021,25.30,36.81,40.74,24.33,29.09,21.40,72.39,29.18,10.94,19.15,27.82,26.17
2022,25.48,38.21,40.59,25.35,29.37,21.37,73.09,29.52,11.46,18.90,28.04,26.58
2023,25.66,36.62,39.81,24.76,29.41,20.63,72.67,30.51,11.93,18.42,28.10,26.43
2024,25.96,35.37,39.98,24.42,29.02,20.75,72.75,31.50,12.44,17.96,28.26,26.36
2025,26.03,36.20,40.12,24.41,28.48,20.90,72.40,32.58,13.05,17.67,28.48,26.37
