partido_2022,partidos_2018,governadores_2018,governadores_2022,senadores_2018,senadores_2022,deputados_federais_2018,deputados_federais_2022,deputados_estaduais_distritais_2018,deputados_estaduais_distritais_2022
PL,PR,0,2,1,8,33,98,44,126
PT,PT,4,4,4,4,56,69,86,117
UNIÃO,DEM+PSL,5,4,8,5,81,57,125,99
PP,PP,1,2,5,3,37,47,69,86
PSD,PSD,2,2,4,2,35,42,61,79
MDB,MDB,3,3,7,1,34,41,93,94
REPUBLICANOS,PRB,0,2,1,2,29,40,43,76
PDT,PDT,1,0,2,0,28,16,53,44
PSB,PSB,3,3,2,1,32,15,66,55
PODE,PHS+PODE,1,0,3,0,17,14,36,28
PSDB,PSDB,3,3,4,0,30,13,73,56
PSOL,PSOL,0,0,0,0,10,13,17,22
PC do B,PC do B+PPL,1,0,0,0,10,7,25,18
AVANTE,AVANTE,0,0,0,0,7,7,15,14
PSC,PSC,2,0,1,1,7,6,30,20
PV,PV,0,0,0,0,4,6,28,20
CIDADANIA,PPS,0,0,2,0,8,5,22,18
SOLIDARIEDADE,SOLIDARIEDADE,0,1,1,0,13,4,29,21
PATRIOTA,PATRIOTA+PRP,0,0,1,0,9,4,29,17
NOVO,NOVO,1,1,0,0,8,3,12,5
PROS,PROS,0,0,1,0,8,3,19,8
REDE,REDE,0,0,5,0,1,2,8,7
PTB,PTB,0,0,2,0,10,1,31,8
PMN,PMN,0,0,0,0,3,0,6,6
AGIR,PTC,0,0,0,0,2,0,11,5
DC,DC,0,0,0,0,1,0,10,1
PMB,PMB,0,0,0,0,0,0,2,3
PRTB,PRTB,0,0,0,0,0,0,16,6
