ano,sigla_partido,numero_partido,nome_partido,federacao,sigla_equivalente_2022,governadores,senadores,deputados_federais,deputados_estaduais_distritais,total
2018,PT,13,PARTIDO DOS TRABALHADORES,,PT,4,4,56,86,150
2018,PSL,17,PARTIDO SOCIAL LIBERAL,,UNIÃO,3,4,52,72,131
2018,PP,11,PROGRESSISTAS,,PP,1,5,37,69,112
2018,PSD,55,PARTIDO SOCIAL DEMOCRÁTICO,,PSD,2,4,35,61,102
2018,MDB,15,MOVIMENTO DEMOCRÁTICO BRASILEIRO,,MDB,3,7,34,93,137
2018,PR,22,PARTIDO DA REPÚBLICA,,PL,0,1,33,44,78
2018,PSB,40,PARTIDO SOCIALISTA BRASILEIRO,,PSB,3,2,32,66,103
2018,PSDB,45,PARTIDO DA SOCIAL DEMOCRACIA BRASILEIRA,,PSDB,3,4,30,73,110
2018,DEM,25,DEMOCRATAS,,UNIÃO,2,4,29,53,88
2018,PRB,10,PARTIDO REPUBLICANO BRASILEIRO,,REPUBLICANOS,0,1,29,43,73
2018,PDT,12,PARTIDO DEMOCRÁTICO TRABALHISTA,,PDT,1,2,28,53,84
2018,SOLIDARIEDADE,77,SOLIDARIEDADE,,SOLIDARIEDADE,0,1,13,29,43
2018,PODE,19,PODEMOS,,PODE,0,1,11,21,33
2018,PTB,14,PARTIDO TRABALHISTA BRASILEIRO,,PTB,0,2,10,31,43
2018,PSOL,50,PARTIDO SOCIALISMO E LIBERDADE,,PSOL,0,0,10,17,27
2018,PC do B,65,PARTIDO COMUNISTA DO BRASIL,,PC do B,1,0,9,21,31
2018,PPS,23,PARTIDO POPULAR SOCIALISTA,,CIDADANIA,0,2,8,22,32
2018,PROS,90,PARTIDO REPUBLICANO DA ORDEM SOCIAL,,PROS,0,1,8,19,28
2018,NOVO,30,PARTIDO NOVO,,NOVO,1,0,8,12,21
2018,PSC,20,PARTIDO SOCIAL CRISTÃO,,PSC,2,1,7,30,40
2018,AVANTE,70,AVANTE,,AVANTE,0,0,7,15,22
2018,PHS,31,PARTIDO HUMANISTA DA SOLIDARIEDADE,,PODE,1,2,6,15,24
2018,PATRIOTA,51,PATRIOTA,,PATRIOTA,0,0,5,16,21
2018,PV,43,PARTIDO VERDE,,PV,0,0,4,28,32
2018,PRP,44,PARTIDO REPUBLICANO PROGRESSISTA,,PATRIOTA,0,1,4,13,18
2018,PMN,33,PARTIDO DA MOBILIZAÇÃO NACIONAL,,PMN,0,0,3,6,9
2018,PTC,36,PARTIDO TRABALHISTA CRISTÃO,,AGIR,0,0,2,11,13
2018,REDE,18,REDE SUSTENTABILIDADE,,REDE,0,5,1,8,14
2018,DC,27,DEMOCRACIA CRISTÃ,,DC,0,0,1,10,11
2018,PPL,54,PARTIDO PÁTRIA LIVRE,,PC do B,0,0,1,4,5
2018,PRTB,28,PARTIDO RENOVADOR TRABALHISTA BRASILEIRO,,PRTB,0,0,0,16,16
2018,PMB,35,PARTIDO DA MULHER BRASILEIRA,,PMB,0,0,0,2,2
2022,PL,22,PARTIDO LIBERAL,,PL,2,8,98,126,234
2022,PT,13,PARTIDO DOS TRABALHADORES,PT/PC do B/PV,PT,4,4,69,117,194
2022,UNIÃO,44,UNIÃO BRASIL,,UNIÃO,4,5,57,99,165
2022,PP,11,PROGRESSISTAS,,PP,2,3,47,86,138
2022,PSD,55,PARTIDO SOCIAL DEMOCRÁTICO,,PSD,2,2,42,79,125
2022,MDB,15,MOVIMENTO DEMOCRÁTICO BRASILEIRO,,MDB,3,1,41,94,139
2022,REPUBLICANOS,10,REPUBLICANOS,,REPUBLICANOS,2,2,40,76,120
2022,PDT,12,PARTIDO DEMOCRÁTICO TRABALHISTA,,PDT,0,0,16,44,60
2022,PSB,40,PARTIDO SOCIALISTA BRASILEIRO,,PSB,3,1,15,55,74
2022,PODE,19,PODEMOS,,PODE,0,0,14,28,42
2022,PSDB,45,PARTIDO DA SOCIAL DEMOCRACIA BRASILEIRA,PSDB/CIDADANIA,PSDB,3,0,13,56,72
2022,PSOL,50,PARTIDO SOCIALISMO E LIBERDADE,PSOL/REDE,PSOL,0,0,13,22,35
2022,PC do B,65,PARTIDO COMUNISTA DO BRASIL,PT/PC do B/PV,PC do B,0,0,7,18,25
2022,AVANTE,70,AVANTE,,AVANTE,0,0,7,14,21
2022,PSC,20,PARTIDO SOCIAL CRISTÃO,,PSC,0,1,6,20,27
2022,PV,43,PARTIDO VERDE,PT/PC do B/PV,PV,0,0,6,20,26
2022,CIDADANIA,23,CIDADANIA,PSDB/CIDADANIA,CIDADANIA,0,0,5,18,23
2022,SOLIDARIEDADE,77,SOLIDARIEDADE,,SOLIDARIEDADE,1,0,4,21,26
2022,PATRIOTA,51,PATRIOTA,,PATRIOTA,0,0,4,17,21
2022,PROS,90,PARTIDO REPUBLICANO DA ORDEM SOCIAL,,PROS,0,0,3,8,11
2022,NOVO,30,PARTIDO NOVO,,NOVO,1,0,3,5,9
2022,REDE,18,REDE SUSTENTABILIDADE,PSOL/REDE,REDE,0,0,2,7,9
2022,PTB,14,PARTIDO TRABALHISTA BRASILEIRO,,PTB,0,0,1,8,9
2022,PMN,33,PARTIDO DA MOBILIZAÇÃO NACIONAL,,PMN,0,0,0,6,6
2022,PRTB,28,PARTIDO RENOVADOR TRABALHISTA BRASILEIRO,,PRTB,0,0,0,6,6
2022,AGIR,36,AGIR,,AGIR,0,0,0,5,5
2022,PMB,35,PARTIDO DA MULHER BRASILEIRA,,PMB,0,0,0,3,3
2022,DC,27,DEMOCRACIA CRISTÃ,,DC,0,0,0,1,1
